"1946-01","1946","01","-27.6","","-33.6","","-30.6","","-8.3","","-42.2","S","0.0","","7.6","","7.6","","","",,"",,""
"1946-02","1946","02","-19.8","","-29.6","","-24.7","","3.3","","-38.3","S","0.0","","27.9","","27.9","","","",,"",,""
"1946-03","1946","03","","M","","M","","M","","M","","M","","M","","M","","M","","",,"",,""
"1946-04","1946","04","","M","","M","","M","","M","","M","","M","","M","","M","","",,"",,""
"1946-05","1946","05","1.1","","-5.8","","-2.4","","11.1","","-21.1","","0.5","","8.1","","8.6","","","",,"",,""
"1946-06","1946","06","5.8","","-0.3","","2.8","","12.2","","-3.9","S","20.3","","10.2","","30.5","","","",,"",,""
"1946-07","1946","07","10.6","","3.3","","7.0","","18.9","","-1.1","","21.1","","0.0","T","21.1","","","",,"",,""
"1946-08","1946","08","10.2","","3.8","","7.0","","17.8","","0.0","","57.4","","0.0","","57.4","","","",,"",,""
"1946-09","1946","09","2.8","","-1.2","","0.8","","9.4","","-7.2","","39.6","","50.8","","90.4","","","",,"",,""
"1946-10","1946","10","-2.8","","-8.3","","-5.6","","4.4","","-20.0","","16.0","","15.2","","31.2","","","",,"",,""
"1946-11","1946","11","-5.2","","-12.1","","-8.7","","2.2","","-22.2","","0.0","","34.0","","34.0","","","",,"",,""
"1946-12","1946","12","-17.6","","-24.1","","-20.9","","-3.3","","-33.9","S","0.3","","7.9","","8.1","","","",,"",,""
"1947-01","1947","01","-22.3","","-26.6","","-24.5","","-0.6","","-41.7","","0.0","","16.8","","16.8","","66","",,"",,""
"1947-02","1947","02","-8.3","E","-16.2","E","-12.3","E","","M","","M","","M","","M","","M","","M",,"",,""
"1947-03","1947","03","-15.2","E","-25.1","E","-20.2","E","","M","","M","","M","","M","","M","","M",,"",,""
"1947-04","1947","04","-8.7","","-16.9","","-12.8","","3.3","","-26.7","","0.0","","0.0","T","0.0","T","79","",,"",,""
"1947-05","1947","05","-1.1","","-8.5","","-4.8","","5.0","","-20.6","","0.0","","0.8","","0.8","","10","",,"",,""
"1947-06","1947","06","6.6","","-0.6","","3.0","","10.0","S","-3.9","S","34.8","","0.3","","35.1","","0","",,"",,""
"1947-07","1947","07","10.9","","3.0","","7.0","","16.7","S","-0.6","","49.5","","0.0","T","49.5","","0","",,"",,""
"1947-08","1947","08","9.7","","1.9","","5.8","","16.1","","-0.6","S","40.6","","0.0","","40.6","","0","",,"",,""
"1947-09","1947","09","4.7","","-0.8","","2.0","","7.8","S","-6.1","","45.7","","1.3","","47.0","","0","",,"",,""
"1947-10","1947","10","-0.8","","-6.9","","-3.9","","3.3","","-14.4","","4.1","","23.6","","26.9","","8","",,"",,""
"1947-11","1947","11","-3.8","","-10.9","","-7.4","","2.2","","-22.2","","0.5","","7.9","","8.4","","13","",,"",,""
"1947-12","1947","12","-11.5","","-19.4","","-15.5","","-3.3","S","-33.9","","0.0","","11.4","","11.4","","38","",,"",,""
"1948-01","1948","01","-23.7","","-30.9","","-27.3","","-5.6","S","-37.8","S","0.0","","6.9","","6.9","","46","",,"",,""
"1948-02","1948","02","-21.8","","-30.9","","-26.4","","-10.6","","-39.4","","0.0","","25.1","","25.1","","69","",,"",,""
"1948-03","1948","03","-21.0","","-30.3","","-25.7","","-5.0","","-40.0","","0.0","","6.4","","6.4","","76","",,"",,""
"1948-04","1948","04","-9.6","E","-18.3","E","-14.0","E","","M","","M","","M","","M","","M","","M",,"",,""
"1948-05","1948","05","0.1","","-7.9","","-3.9","","7.8","S","-18.9","","0.0","T","6.1","","6.1","","","M",,"",,""
"1948-06","1948","06","8.0","","1.4","","4.7","","16.7","","-1.1","","29.2","","0.0","T","29.2","","0","",,"",,""
"1948-07","1948","07","15.7","","5.4","","10.6","","24.4","S","2.2","","33.8","","0.0","","33.8","","0","",,"",,""
"1948-08","1948","08","12.2","","4.4","","8.3","","20.6","","2.2","","63.2","","0.0","","63.2","","0","",,"",,""
"1948-09","1948","09","6.7","","1.9","","4.3","","12.2","","-1.7","","38.9","","0.0","T","38.9","","0","",,"",,""
"1948-10","1948","10","0.1","","-5.3","","-2.6","","6.1","","-12.2","","7.9","","32.3","","40.1","","23","",,"",,""
"1948-11","1948","11","-6.0","","-12.4","","-9.2","","2.2","S","-28.9","","2.0","","43.9","","46.0","","15","",,"",,""
"1948-12","1948","12","-20.0","","-27.8","","-23.9","","-10.6","","-37.2","","0.0","","3.3","","3.3","","13","",,"",,""
"1949-01","1949","01","-24.9","","-32.1","","-28.5","","-6.7","","-41.7","","0.0","","8.6","","8.6","","23","",,"",,""
"1949-02","1949","02","-30.1","","-36.9","","-33.5","","-22.2","","-41.1","S","0.0","","9.4","","9.4","","33","",,"",,""
"1949-03","1949","03","-17.5","","-28.2","","-22.9","","-8.9","","-40.6","","0.0","","39.1","","39.1","","","M",,"",,""
"1949-04","1949","04","-11.8","","-22.6","","-17.2","","-3.3","","-27.8","","0.0","","9.7","","9.7","","","M",,"",,""
"1949-05","1949","05","-1.5","","-10.3","","-5.9","","10.6","","-26.1","","0.0","","11.4","","11.4","","","M",,"",,""
"1949-06","1949","06","8.7","","1.9","","5.3","","19.4","","-1.1","S","31.5","","2.3","","33.8","","","M",,"",,""
"1949-07","1949","07","12.3","","4.2","","8.3","","21.7","","-1.1","","14.5","","0.0","","14.5","","0","",,"",,""
"1949-08","1949","08","12.3","","4.6","","8.5","","21.1","","0.0","","77.2","","0.0","T","77.2","","0","",,"",,""
"1949-09","1949","09","5.0","","-0.9","","2.1","","12.8","","-6.7","","30.2","","15.0","","45.2","","","M",,"",,""
"1949-10","1949","10","-1.4","","-5.9","","-3.7","","2.8","","-13.9","","0.0","T","42.9","","42.9","","","M",,"",,""
"1949-11","1949","11","-10.1","","-15.1","","-12.6","","-0.6","","-23.9","","0.0","","52.8","","52.8","","33","",,"",,""
"1949-12","1949","12","-13.4","E","-22.0","E","-17.7","E","","M","","M","","M","","M","","M","","M",,"",,""
"1950-01","1950","01","-29.4","","-35.8","","-32.6","","-19.4","","-43.3","","0.0","","13.2","","13.2","","20","",,"",,""
"1950-02","1950","02","-26.2","","-33.7","","-30.0","","-11.1","","-45.0","","0.0","","6.4","","6.4","","28","",,"",,""
"1950-03","1950","03","-13.6","","-21.8","","-17.7","","1.1","","-40.0","","0.0","","10.7","","10.7","","36","",,"",,""
"1950-04","1950","04","-8.2","","-16.7","","-12.5","","2.8","","-31.1","","5.1","","17.0","","22.1","","46","",,"",,""
"1950-05","1950","05","0.5","","-5.8","","-2.7","","6.1","","-15.6","S","0.0","T","4.3","","4.3","","23","",,"",,""
"1950-06","1950","06","6.8","","1.3","","4.1","","18.9","","-1.1","","16.3","","1.3","","17.5","","3","",,"",,""
"1950-07","1950","07","11.2","","4.4","","7.8","","20.0","S","0.0","","22.9","","0.0","","22.9","","0","",,"",,""
"1950-08","1950","08","8.9","","3.4","","6.2","","15.6","","0.6","","39.9","","0.0","","39.9","","0","",,"",,""
"1950-09","1950","09","5.2","","-1.3","E","2.0","E","12.8","","","M","9.1","","22.4","","31.5","","","M",,"",,""
"1950-10","1950","10","-3.1","","-9.9","","-6.5","","2.2","","-17.8","","0.0","","6.1","","6.1","","8","",,"",,""
"1950-11","1950","11","-9.0","","-17.5","","-13.3","","-1.1","","-33.9","S","0.0","","48.8","","48.8","","23","",,"",,""
"1950-12","1950","12","-10.3","","-18.6","","-14.5","","-0.6","S","-35.6","","0.0","","88.6","","88.6","","66","",,"",,""
"1951-01","1951","01","-26.3","","-33.6","","-30.0","","-10.0","","-42.2","","0.0","","22.1","","22.1","","66","",,"",,""
"1951-02","1951","02","-23.2","","-34.3","","-28.8","","-10.0","","-43.3","","0.0","","104.1","","104.1","","69","",,"",,""
"1951-03","1951","03","-11.8","","-23.3","","-17.6","","0.6","","-34.4","","0.0","","39.9","","39.9","","53","",,"",,""
"1951-04","1951","04","-6.1","","-16.0","","-11.1","","2.2","","-28.3","","0.0","","53.1","","53.1","","58","",,"",,""
"1951-05","1951","05","-0.3","","-7.4","","-3.9","","5.6","S","-20.6","","4.3","","21.1","","25.4","","23","",,"",,""
"1951-06","1951","06","8.1","","1.6","","4.9","","15.6","","-1.1","","17.0","","0.0","T","17.0","","0","",,"",,""
"1951-07","1951","07","11.1","","4.2","","7.7","","17.2","S","1.7","","73.2","","0.0","","73.2","","0","",,"",,""
"1951-08","1951","08","9.3","","3.1","","6.2","","14.4","","0.0","","90.4","","0.0","","90.4","","0","",,"",,""
"1951-09","1951","09","5.9","","1.0","","3.5","","8.3","S","-2.8","","26.2","","0.0","T","26.2","","0","",,"",,""
"1951-10","1951","10","-2.3","","-9.2","","-5.8","","4.4","","-17.8","","2.8","","63.8","","66.5","","","M",,"",,""
"1951-11","1951","11","-10.1","","-16.9","","-13.5","","0.0","","-28.3","","0.0","","36.1","","36.1","","","M",,"",,""
"1951-12","1951","12","-20.6","","-29.2","","-24.9","","-5.0","S","-41.1","","0.0","","58.2","","58.2","","","M",,"",,""
"1952-01","1952","01","-23.8","","-33.1","","-28.5","","-5.6","","-44.4","","0.0","","76.2","","76.2","","","M","14","","132",""
"1952-02","1952","02","-22.8","","-32.9","","-27.9","","-2.8","","-43.9","","0.0","","44.7","","44.7","","","M",,"","<31",""
"1952-03","1952","03","-14.2","","-25.8","","-20.0","","-0.6","","-36.1","","0.0","T","37.1","","37.1","","","M",,"","<31",""
"1952-04","1952","04","-7.9","","-19.3","","-13.6","","0.6","","-33.3","","0.0","","20.1","","20.1","","","M",,"","<31",""
"1952-05","1952","05","3.3","","-2.7","","0.3","","7.2","","-18.9","","2.0","","25.4","","27.4","","","M",,"","<31",""
"1952-06","1952","06","8.1","","1.8","","5.0","","17.2","","-2.2","","50.3","","14.0","","64.3","","","M",,"","<31",""
"1952-07","1952","07","12.8","","4.4","","8.6","","21.7","","1.1","","73.7","","0.0","","73.7","","0","",,"","<31",""
"1952-08","1952","08","9.3","","3.2","","6.3","","13.3","","1.1","S","52.8","","0.0","T","52.8","","0","",,"","<31",""
"1952-09","1952","09","4.9","","-0.2","","2.4","","12.2","","-5.0","","15.5","","6.6","","22.1","","","M",,"","<31",""
"1952-10","1952","10","-5.1","","-10.5","","-7.8","","0.6","S","-17.8","","0.0","T","24.4","","24.4","","","M",,"","<31",""
"1952-11","1952","11","-6.8","","-14.5","","-10.7","","5.6","","-23.3","","0.0","T","36.6","","36.6","","","M",,"","<31",""
"1952-12","1952","12","-10.9","","-20.9","","-15.9","","0.6","S","-31.1","S","0.0","T","30.7","","30.7","","","M",,"","<31",""
"1953-01","1953","01","-23.6","","-32.3","","-28.0","","-8.9","","-45.0","","0.0","","33.0","","33.0","","","M",,"",,""
"1953-02","1953","02","-20.1","","-29.1","","-24.6","","-8.9","","-38.3","","0.0","","8.4","","8.4","","","M",,"",,""
"1953-03","1953","03","-18.8","","-27.6","","-23.2","","-6.7","","-38.3","","0.0","","48.5","","48.5","","","M",,"",,""
"1953-04","1953","04","-0.7","","-7.8","","-4.3","","5.0","","-21.7","","0.0","T","36.1","","36.1","","","M",,"",,""
"1953-05","1953","05","1.3","","-4.5","","-1.6","","7.2","","-15.0","","7.4","","8.9","","16.3","","","M",,"",,""
"1953-06","1953","06","6.2","","0.0","","3.1","","11.1","","-2.2","S","8.1","","9.4","","17.5","","","M",,"",,""
"1953-07","1953","07","9.6","","3.1","","6.4","","15.0","","0.6","","77.0","","0.0","T","77.0","","0","",,"",,""
"1953-08","1953","08","11.0","","3.8","","7.4","","16.1","","0.0","","26.4","","0.0","","26.4","","0","",,"",,""
"1953-09","1953","09","4.5","","-1.2","","1.7","","14.4","","-9.4","","19.6","","13.0","","32.5","","","M",,"",,""
"1953-10","1953","10","-2.0","","-8.5","","-5.3","","3.3","","-21.1","","0.0","T","25.4","","25.4","","","M",,"",,""
"1953-11","1953","11","-9.4","","-20.1","","-14.8","","1.7","","-27.2","","0.0","","27.2","","27.2","","","M",,"",,""
"1953-12","1953","12","-25.9","","-33.6","","-29.8","","-13.3","S","-42.2","","0.0","","7.9","","7.9","","","M",,"",,""
"1954-01","1954","01","-26.7","","-34.8","","-30.8","","-8.9","","-39.4","S","0.0","","6.4","","6.4","","","M",,"",,""
"1954-02","1954","02","-24.2","","-33.5","","-28.9","","-3.3","","-41.1","S","0.0","","23.4","","23.4","","48","",,"",,""
"1954-03","1954","03","-14.4","","-22.8","","-18.6","","-1.7","","-33.3","","0.0","","10.4","","10.4","","56","",,"",,""
"1954-04","1954","04","-12.0","","-20.2","","-16.1","","3.3","","-31.1","","0.0","T","16.8","","16.8","","51","",,"",,""
"1954-05","1954","05","2.5","","-3.5","","-0.5","","13.3","","-9.4","","13.2","","6.4","","19.6","","","M",,"",,""
"1954-06","1954","06","6.3","","0.9","","3.6","","13.3","","-2.8","","58.7","","2.8","","61.5","","0","",,"",,""
"1954-07","1954","07","14.2","","5.6","","9.9","","24.4","","1.7","S","16.5","","0.0","","16.5","","0","",,"",,""
"1954-08","1954","08","13.1","","4.7","","8.9","","23.3","","0.6","","44.5","","0.0","","44.5","","0","",,"",,""
"1954-09","1954","09","6.1","","1.0","","3.6","","13.9","","-4.4","","38.9","","0.0","T","38.9","","","M",,"",,""
"1954-10","1954","10","-2.0","","-7.5","","-4.8","","4.4","","-19.4","","0.3","","32.3","","32.5","","8","",,"",,""
"1954-11","1954","11","-14.0","","-20.4","","-17.2","","0.6","S","-28.9","S","0.0","","23.1","","23.1","","13","",,"",,""
"1954-12","1954","12","-17.7","","-26.9","","-22.3","","-3.3","S","-38.9","","0.0","","12.4","","12.4","","18","",,"",,""
"1955-01","1955","01","-19.0","","-25.5","","-22.3","","-1.1","S","-38.9","","0.0","T","19.1","","19.1","","33","",,"",,""
"1955-02","1955","02","-18.5","","-27.8","","-23.2","","-4.4","","-44.4","","0.0","","38.9","","38.9","","61","",,"",,""
"1955-03","1955","03","-15.4","","-25.3","","-20.4","","3.9","","-41.7","","0.0","T","18.3","","18.3","","18","",,"",,""
"1955-04","1955","04","-9.2","","-18.2","","-13.7","","1.7","","-31.7","","0.0","T","8.1","","8.1","","8","",,"",,""
"1955-05","1955","05","3.7","","-2.8","","0.5","","9.4","","-16.1","","2.5","","2.3","","4.8","","0","T",,"",,""
"1955-06","1955","06","9.6","","2.6","","6.1","","21.7","","-2.2","","40.6","","0.0","T","40.6","","0","",,"",,""
"1955-07","1955","07","13.2","","5.1","","9.2","","17.8","","1.7","S","47.5","","0.0","T","47.5","","0","",,"",,""
"1955-08","1955","08","11.4","","4.4","","7.9","","22.2","","1.1","","58.9","","0.0","","58.9","","0","",,"",,""
"1955-09","1955","09","3.7","","-0.6","","1.6","","11.1","","-4.4","S","19.6","","22.6","","42.2","","0","T",,"",,""
"1955-10","1955","10","2.4","","-1.3","","0.6","","7.2","","-5.6","","30.7","","10.9","","41.7","","0","T",,"",,""
"1955-11","1955","11","-7.9","","-13.7","","-10.8","","3.3","","-26.1","","12.7","","33.3","","46.0","","33","",,"",,""
"1955-12","1955","12","-11.5","","-20.9","","-16.2","","-1.1","S","-29.4","","0.0","","12.4","","12.4","","36","",,"",,""
"1956-01","1956","01","-22.2","","-28.8","","-25.5","","-3.3","","-38.3","","0.0","","19.1","","19.1","","53","",,"",,""
"1956-02","1956","02","-17.1","","-25.1","","-21.1","","-3.3","","-37.8","","0.0","","27.2","","27.2","","33","",,"",,""
"1956-03","1956","03","-18.3","","-26.9","","-22.6","","-8.9","","-33.3","","0.0","","3.3","","3.3","","30","",,"",,""
"1956-04","1956","04","-5.5","","-15.8","","-10.7","","0.0","S","-25.6","","0.0","","14.2","","14.2","","20","",,"",,""
"1956-05","1956","05","-3.3","","-9.2","","-6.3","","1.7","","-16.1","","0.0","T","14.7","","14.7","","8","",,"",,""
"1956-06","1956","06","6.6","","-0.3","","3.2","","20.0","","-8.3","","7.9","","5.3","","13.2","","0","T",,"",,""
"1956-07","1956","07","11.1","","3.4","","7.3","","20.6","","1.1","S","59.7","","0.0","","59.7","","0","",,"",,""
"1956-08","1956","08","10.6","","3.2","","6.9","","17.2","","1.1","S","45.2","","0.0","","45.2","","0","",,"",,""
"1956-09","1956","09","4.1","","-0.8","","1.7","","11.7","","-3.9","S","18.0","","7.6","","25.7","","","M",,"",,""
"1956-10","1956","10","-2.7","","-8.9","","-5.8","","4.4","","-21.1","","1.3","","19.8","","21.1","","13","",,"",,""
"1956-11","1956","11","-12.6","","-21.2","","-16.9","","0.6","","-32.8","","0.0","","18.0","","18.0","","25","",,"",,""
"1956-12","1956","12","-23.2","","-31.1","","-27.2","","-6.1","","-37.8","","0.0","","3.0","","3.0","","28","",,"",,""
"1957-01","1957","01","-30.4","","-37.2","","-33.8","","-7.8","","-45.0","S","0.0","","5.1","","5.1","","28","","32","","85",""
"1957-02","1957","02","-21.6","","-30.3","","-26.0","","-5.6","","-38.3","","0.0","","4.6","","4.6","","25","","7","","61",""
"1957-03","1957","03","-13.7","","-22.9","","-18.3","","-1.7","","-32.2","S","0.0","","14.0","","14.0","","23","","14","","77","S"
"1957-04","1957","04","-10.3","","-20.6","","-15.5","","1.7","","-28.3","S","0.0","","8.9","","8.9","","8","","32","","82",""
"1957-05","1957","05","-1.6","","-8.9","","-5.3","","7.2","","-20.0","","1.0","","9.4","","10.4","","0","T","34","","61",""
"1957-06","1957","06","6.2","","0.4","","3.3","","13.3","","-3.9","","58.4","","19.1","","77.5","","0","","16","","71",""
"1957-07","1957","07","13.4","","4.4","","8.9","","23.9","","-0.6","S","92.7","","0.0","","92.7","","0","","32","","58",""
"1957-08","1957","08","10.1","","3.4","","6.8","","14.4","S","-0.6","","85.3","","4.3","","89.7","","0","","14","","64",""
"1957-09","1957","09","6.9","","1.2","","4.1","","13.9","","-4.4","","42.7","","1.3","","43.9","","0","","14","","53",""
"1957-10","1957","10","-2.9","","-9.3","","-6.1","","5.6","S","-19.4","","10.7","","53.8","","64.5","","10","","29","","97",""
"1957-11","1957","11","-10.1","","-19.4","","-14.8","","0.0","","-30.0","","0.0","","62.7","","62.7","","20","","7","","126",""
"1957-12","1957","12","-15.6","","-25.8","","-20.7","","-3.3","S","-37.8","","0.0","","63.5","","63.5","","38","","7","","121",""
"1958-01","1958","01","-17.1","","-26.6","","-21.9","","3.9","","-39.4","","4.8","","76.5","","81.3","","30","","32","","89","S"
"1958-02","1958","02","-17.9","","-26.8","","-22.4","","0.6","S","-40.6","","0.3","","45.5","","45.7","","46","","32","","103",""
"1958-03","1958","03","-12.4","","-22.2","","-17.3","","0.6","","-37.2","","0.5","","54.9","","55.4","","61","","34","","66",""
"1958-04","1958","04","-8.8","","-20.9","","-14.9","","2.8","S","-28.9","","0.0","T","73.9","","73.9","","86","","32","","113",""
"1958-05","1958","05","1.7","","-4.7","","-1.5","","5.6","","-15.6","","2.5","","30.0","","32.5","","13","","32","","89",""
"1958-06","1958","06","7.6","","0.4","","4.0","","18.9","","-5.6","","4.8","","12.4","","17.3","","0","","11","","80",""
"1958-07","1958","07","11.1","","4.1","","7.6","","20.6","","1.7","","74.4","","0.0","","74.4","","0","",,"","<31",""
"1958-08","1958","08","9.1","","3.0","","6.1","","16.1","","1.7","S","30.7","","0.0","","30.7","","0","",,"","<31",""
"1958-09","1958","09","6.1","","-0.2","","3.0","","13.3","","-3.3","","27.4","","6.6","","34.0","","0","T","32","","68",""
"1958-10","1958","10","-2.3","","-7.2","","-4.8","","3.3","","-11.7","","0.0","T","74.7","","74.7","","8","","11","","103",""
"1958-11","1958","11","-13.8","","-20.6","","-17.2","","-3.3","S","-31.1","","0.0","","76.5","","76.5","","28","","32","","89",""
"1958-12","1958","12","-14.1","","-21.8","","-18.0","","-0.6","","-28.9","S","0.0","","47.5","","47.5","","46","","9","","58",""
"1959-01","1959","01","-14.2","","-23.2","","-18.7","","2.2","","-33.3","S","2.0","","39.1","","41.1","","51","","11","","137",""
"1959-02","1959","02","-27.6","","-34.3","","-31.0","","-18.9","","-42.8","","0.0","","6.6","","6.6","","51","","34","","113",""
"1959-03","1959","03","-23.3","","-31.4","","-27.4","","-15.0","S","-40.0","","0.0","","8.6","","8.6","","58","","34","","92",""
"1959-04","1959","04","-10.6","","-20.3","","-15.5","","-3.3","","-28.9","","0.0","","25.7","","25.7","","","M","34","","103",""
"1959-05","1959","05","0.2","","-5.4","","-2.6","","7.8","","-20.6","","2.3","","38.6","","40.9","","3","","32","","92",""
"1959-06","1959","06","4.8","","-0.6","","2.1","","12.2","","-7.2","","57.2","","1.0","","58.2","","0","","32","","80",""
"1959-07","1959","07","10.5","","3.7","","7.1","","20.6","","0.0","","157.2","","0.0","","157.2","","0","","9","","71",""
"1959-08","1959","08","9.8","","3.0","","6.4","","16.1","","0.0","S","55.9","","0.0","","55.9","","0","","29","","90",""
"1959-09","1959","09","4.9","","-0.5","","2.2","","13.9","","-7.2","","38.4","","9.1","","47.5","","0","","29","","97",""
"1959-10","1959","10","-5.5","","-12.4","","-9.0","","2.8","","-20.6","S","0.0","","41.9","","41.9","","18","","32","","90",""
"1959-11","1959","11","-7.4","","-14.9","","-11.2","","3.9","S","-25.0","S","2.0","","19.6","","21.6","","3","","32","","108",""
"1959-12","1959","12","-15.6","","-23.4","","-19.5","","-6.7","S","-34.4","","0.0","","16.5","","16.5","","8","","27","","129",""
"1960-01","1960","01","-17.3","","-25.4","","-21.4","","-1.7","S","-36.1","S","0.0","T","17.3","","17.3","","13","","7","","129",""
"1960-02","1960","02","-10.9","","-19.2","","-15.1","","1.7","","-36.1","","0.0","T","48.3","","48.3","","23","","32","","105",""
"1960-03","1960","03","-21.6","","-31.2","","-26.4","","-4.4","","-40.6","","0.0","","4.1","","4.1","","18","","32","","156",""
"1960-04","1960","04","-12.8","","-23.5","","-18.2","","2.2","","-33.3","S","0.0","","1.5","","1.5","","10","","32","","95",""
"1960-05","1960","05","1.9","","-4.6","","-1.4","","8.9","","-13.3","","1.0","","17.5","","18.5","","3","","32","","103",""
"1960-06","1960","06","6.9","","0.9","","3.9","","12.8","","-1.1","S","50.5","","2.0","","52.6","","0","","32","","80",""
"1960-07","1960","07","11.6","","4.7","","8.2","","20.6","","-0.6","","32.5","","0.0","","32.5","","0","","32","","80",""
"1960-08","1960","08","10.2","","3.8","","7.0","","16.1","","1.1","","87.9","","0.0","","87.9","","0","","9","","97",""
"1960-09","1960","09","5.0","","0.6","","2.8","","13.3","S","-2.2","","33.8","","31.8","","65.5","","0","T","14","","126",""
"1960-10","1960","10","0.7","","-4.2","","-1.8","","5.0","S","-9.4","S","3.3","","34.5","","37.8","","8","","32","","105",""
"1960-11","1960","11","-7.7","","-14.8","","-11.3","","0.6","","-24.4","","0.0","T","48.8","","48.8","","25","","32","","89","S"
"1960-12","1960","12","-18.3","","-25.9","","-22.1","","2.2","","-37.2","","0.3","","25.9","","26.2","","23","","14","","97",""
"1961-01","1961","01","-25.2","","-33.1","","-29.2","","-5.6","","-41.7","S","0.0","","2.0","","2.0","","15","","32","","109",""
"1961-02","1961","02","-25.8","","-33.8","","-29.8","","-13.3","","-43.3","","0.0","","5.1","","5.1","","15","","32","","97",""
"1961-03","1961","03","-24.8","","-34.4","","-29.6","","-8.9","","-40.0","","0.0","","16.0","","16.0","","23","","32","","109",""
"1961-04","1961","04","-6.9","","-14.9","","-10.9","","1.1","","-26.1","","0.0","","22.9","","22.9","","18","","32","","72",""
"1961-05","1961","05","-2.3","","-8.8","","-5.6","","5.6","","-21.7","","0.8","","35.6","","36.3","","0","","32","","98",""
"1961-06","1961","06","7.8","","0.8","","4.3","","15.0","","-2.8","S","62.2","","1.3","","63.5","","0","","9","","77",""
"1961-07","1961","07","15.1","","4.8","","10.0","","22.2","","-2.8","","34.8","","0.0","","34.8","","0","","32","","61","S"
"1961-08","1961","08","9.2","","3.4","","6.3","","13.3","","0.6","","54.4","","0.0","T","54.4","","0","","32","","109",""
"1961-09","1961","09","3.7","","-1.1","","1.3","","13.9","","-8.3","S","42.4","","20.1","","62.5","","3","","32","","121",""
"1961-10","1961","10","-1.4","","-7.1","","-4.3","","3.9","","-19.4","S","2.3","","90.2","","92.5","","33","","32","","103",""
"1961-11","1961","11","-10.1","","-19.4","","-14.8","","0.6","","-27.2","","0.0","","25.9","","25.9","","30","","32","","80",""
"1961-12","1961","12","-11.8","","-19.1","","-15.5","","-1.1","","-30.0","S","0.0","T","49.3","","49.3","","38","","32","","137",""
"1962-01","1962","01","-23.3","","-30.0","","-26.7","","-7.8","","-36.1","S","0.0","","14.5","","14.5","","23","","7","","140",""
"1962-02","1962","02","-29.5","","-36.3","","-32.9","","-12.2","","-42.8","","0.0","","20.8","","20.8","","28","","32","","114",""
"1962-03","1962","03","-9.1","","-16.7","","-12.9","","1.1","","-27.2","S","0.0","T","73.7","","73.7","","46","","9","","74","S"
"1962-04","1962","04","-11.2","","-20.7","","-16.0","","-2.8","","-30.0","","0.0","","17.3","","17.3","","25","","32","","153",""
"1962-05","1962","05","-2.0","","-10.1","","-6.1","","7.2","","-20.0","","0.0","","54.4","","54.4","","5","","14","","100",""
"1962-06","1962","06","5.7","","-0.4","","2.7","","12.2","","-4.4","","19.3","","10.7","","30.0","","0","T","34","","87",""
"1962-07","1962","07","9.9","","2.9","","6.4","","16.7","","0.0","","34.0","","0.0","","34.0","","0","","14","","56",""
"1962-08","1962","08","9.3","","3.4","","6.4","","15.6","","0.0","","70.9","","0.0","T","70.9","","0","","14","","90",""
"1962-09","1962","09","5.4","","-0.3","","2.6","","11.1","S","-6.1","S","8.1","","10.9","","19.1","","0","T","7","","97",""
"1962-10","1962","10","-2.5","","-8.1","","-5.3","","2.8","","-13.9","","0.0","T","14.2","","14.2","","8","","32","","90",""
"1962-11","1962","11","-7.2","","-14.7","","-11.0","","-0.6","","-26.7","","0.0","T","27.9","","27.9","","10","","32","","109",""
"1962-12","1962","12","-16.7","","-23.8","","-20.3","","-3.9","","-34.4","","0.0","","35.3","","35.3","","25","","34","","124",""
"1963-01","1963","01","-15.0","","-26.1","","-20.6","","2.2","","-41.1","","0.0","T","47.8","","47.8","","56","","7","","146",""
"1963-02","1963","02","-14.7","","-25.0","","-19.9","","3.9","","-34.4","","2.3","","51.3","","53.6","","69","","32","","114",""
"1963-03","1963","03","-21.7","","-31.8","","-26.8","","-6.7","","-36.1","S","0.0","","5.3","","5.3","","64","","34","","79","S"
"1963-04","1963","04","-6.9","","-15.3","","-11.1","","2.2","","-32.8","S","0.0","T","30.5","","30.5","","58","","14","","85",""
"1963-05","1963","05","-1.3","","-7.9","","-4.6","","2.2","S","-13.3","","0.3","","42.2","","42.4","","13","","14","","87",""
"1963-06","1963","06","4.8","","-1.8","","1.5","","11.7","","-8.3","","16.8","","6.6","","22.9","","0","T","32","","72","S"
"1963-07","1963","07","10.4","","2.9","","6.7","","21.1","","0.0","S","39.6","","0.0","","39.6","","0","","32","","72",""
"1963-08","1963","08","10.5","","3.8","","7.2","","17.2","","-1.1","S","59.9","","0.0","","59.9","","0","","14","","132",""
"1963-09","1963","09","2.3","","-2.5","","-0.1","","6.1","","-7.2","","26.4","","32.3","","58.7","","5","","29","","98",""
"1963-10","1963","10","-2.7","","-9.4","","-6.1","","1.7","S","-21.7","","0.0","T","50.0","","49.5","","30","","32","","95",""
"1963-11","1963","11","-9.6","","-15.7","","-12.7","","1.1","","-36.1","","0.0","T","17.0","","17.0","","30","","9","","92",""
"1963-12","1963","12","-15.8","","-23.8","","-19.8","","3.3","S","-35.0","S","0.5","","29.2","","29.7","","36","","7","","138",""
"1964-01","1964","01","-21.9","","-31.7","","-26.8","","-7.8","","-41.7","","0.0","","27.4","","27.4","","46","","34","","109",""
"1964-02","1964","02","-21.0","","-29.4","","-25.2","","1.7","","-40.6","S","0.0","","19.1","","19.1","","48","","32","","100",""
"1964-03","1964","03","-26.4","","-35.8","","-31.1","","-18.3","","-43.9","","0.0","","2.0","","2.0","","46","","32","","61",""
"1964-04","1964","04","-12.2","","-22.4","","-17.3","","0.6","","-32.8","S","0.0","","15.7","","15.7","","20","","14","","108",""
"1964-05","1964","05","-0.6","","-7.7","","-4.2","","8.3","","-20.6","","0.0","T","13.5","","13.5","","8","","5","","90",""
"1964-06","1964","06","5.1","","-0.2","","2.5","","11.1","","-3.3","","12.7","","8.6","","21.3","","0","T","32","","66","S"
"1964-07","1964","07","11.7","","3.6","","7.7","","18.9","","0.0","S","62.2","","0.0","T","62.2","","0","","32","","61",""
"1964-08","1964","08","10.9","","3.9","","7.4","","16.7","S","1.1","S","26.9","","0.0","T","26.9","","0","","16","","76",""
"1964-09","1964","09","6.9","","1.2","","4.1","","17.2","","-4.4","","37.8","","0.0","T","37.8","","0","","5","","84","S"
"1964-10","1964","10","-4.5","","-10.1","","-7.3","","1.7","S","-22.2","","0.0","T","35.6","","27.7","","13","","9","","98",""
"1964-11","1964","11","-10.2","","-16.9","","-13.6","","-1.1","","-28.3","","0.0","","17.5","","12.7","","10","","32","","76",""
"1964-12","1964","12","-14.9","","-23.5","","-19.2","","-3.9","","-35.6","","0.0","","37.1","","26.7","","18","","34","","101",""
"1965-01","1965","01","-23.3","","-31.4","","-27.4","","-6.1","","-42.2","","0.0","","41.4","","30.5","","18","","5","","126",""
"1965-02","1965","02","-18.5","","-27.9","","-23.2","","4.4","","-38.9","S","0.0","T","30.7","","24.6","","18","","14","","103",""
"1965-03","1965","03","-15.6","","-23.9","","-19.8","","0.0","","-40.0","","0.0","T","27.4","","22.1","","15","","32","","72",""
"1965-04","1965","04","-11.4","","-21.4","","-16.4","","1.7","","-26.7","","0.0","","4.6","","2.8","","5","","14","","80",""
"1965-05","1965","05","2.9","","-2.6","","0.2","","7.8","","-11.1","","0.3","","57.9","","56.1","","0","T","14","","66",""
"1965-06","1965","06","7.5","","0.4","","4.0","","13.9","S","-3.3","","41.9","","5.6","","47.5","","0","","32","","69",""
"1965-07","1965","07","11.9","","4.4","","8.2","","22.2","","0.0","","37.3","","0.0","","37.3","","0","","9","","58",""
"1965-08","1965","08","8.2","","2.4","","5.3","","12.8","","0.0","","93.0","","0.5","","93.5","","0","","14","","71",""
"1965-09","1965","09","5.1","","-0.6","","2.3","","11.7","S","-12.8","","34.0","","11.9","","42.7","","5","","5","","84",""
"1965-10","1965","10","-5.1","","-10.8","","-8.0","","1.7","","-22.2","","0.0","T","33.8","","23.6","","8","","5","","74",""
"1965-11","1965","11","-7.3","","-14.6","","-11.0","","4.4","S","-28.9","","1.3","","32.5","","26.4","","0","T","14","","85",""
"1965-12","1965","12","-18.1","","-25.0","","-21.6","","-9.4","","-33.9","","0.0","","8.9","","4.8","","5","","34","","68",""
"1966-01","1966","01","-19.6","","-28.7","","-24.2","","-2.8","","-37.2","S","0.0","","9.9","","7.4","","3","","34","","74",""
"1966-02","1966","02","-16.4","","-25.8","","-21.1","","1.7","","-35.6","","0.0","","17.0","","11.9","","5","","14","","71","S"
"1966-03","1966","03","-18.6","","-27.3","","-23.0","","-1.7","","-36.7","","0.0","","10.4","","7.6","","8","","32","","69",""
"1966-04","1966","04","-6.8","","-15.8","","-11.3","","0.6","S","-27.8","","0.0","","18.8","","13.5","","8","","32","","84",""
"1966-05","1966","05","-1.0","","-8.4","","-4.7","","8.9","","-24.4","","0.0","T","11.2","","6.9","","0","T","9","","80",""
"1966-06","1966","06","5.8","","-0.3","","2.8","","10.6","","-3.9","","31.8","","25.1","","51.6","","0","","16","","48",""
"1966-07","1966","07","12.5","","4.1","","8.3","","21.1","","0.0","","32.3","","0.0","","32.3","","0","","32","","51",""
"1966-08","1966","08","12.4","","4.3","","8.4","","22.2","","1.7","S","54.6","","0.0","","54.6","","0","","16","","60",""
"1966-09","1966","09","7.4","","2.1","","4.8","","15.0","","-2.8","","34.0","","28.7","","58.9","","0","","9","","60",""
"1966-10","1966","10","1.2","","-3.2","","-1.0","","5.6","S","-15.0","","20.8","","49.3","","65.5","","5","","5","","105",""
"1966-11","1966","11","-7.1","","-15.2","","-11.2","","2.2","","-26.7","","0.0","","60.7","","50.8","","18","","9","","100",""
"1966-12","1966","12","-16.6","","-25.2","","-20.9","","-3.9","","-32.8","","0.0","","39.4","","24.1","","18","","11","","87",""
"1967-01","1967","01","-19.6","","-27.3","","-23.5","","-5.0","","-39.4","S","0.0","","41.9","","25.1","","18","","34","","71",""
"1967-02","1967","02","-32.0","","-39.1","","-35.6","","-25.6","","-45.6","","0.0","","1.3","","0.5","","15","","36","","51",""
"1967-03","1967","03","-21.0","","-31.9","","-26.5","","-4.4","","-41.7","","0.0","","10.9","","6.1","","15","","34","","60",""
"1967-04","1967","04","-12.9","","-21.9","","-17.4","","1.1","","-31.1","","0.0","","19.6","","10.2","","10","","2","","64",""
"1967-05","1967","05","2.0","","-3.5","","-0.8","","6.7","","-15.0","","0.0","T","42.4","","35.6","","3","","9","","60",""
"1967-06","1967","06","5.7","","0.1","","2.9","","9.4","","-3.9","S","23.1","","5.6","","28.2","","0","","32","","69",""
"1967-07","1967","07","11.8","","3.6","","7.7","","22.2","","1.7","S","17.0","","0.0","","17.0","","0","","34","","45",""
"1967-08","1967","08","10.4","","3.9","","7.2","","13.9","","1.1","","84.3","","0.3","","84.6","","0","","32","","61",""
"1967-09","1967","09","3.7","","-1.6","","1.1","","13.9","","-8.9","","15.2","","46.5","","54.1","","5","","14","","87",""
"1967-10","1967","10","-3.0","","-9.3","","-6.2","","2.8","S","-17.2","","0.0","T","30.2","","25.1","","8","","34","","66",""
"1967-11","1967","11","-10.2","","-18.9","","-14.6","","1.1","","-32.2","","0.0","","57.9","","46.5","","18","","32","","97",""
"1967-12","1967","12","-15.5","","-23.4","","-19.5","","1.7","","-38.9","","0.0","","22.4","","15.7","","23","","32","","77",""
"1968-01","1968","01","-23.5","","-31.4","","-27.5","","-16.1","","-39.4","","0.0","","10.9","","7.6","","20","","36","","72","S"
"1968-02","1968","02","-18.3","","-30.0","","-24.2","","0.6","","-39.4","","0.0","","63.8","","50.0","","36","","34","","77",""
"1968-03","1968","03","-22.2","","-31.5","","-26.9","","-2.8","S","-40.6","S","0.0","","11.7","","8.1","","28","","34","","53",""
"1968-04","1968","04","-5.8","","-15.2","","-10.5","","2.2","","-22.8","","0.0","","102.9","","87.6","","56","","34","","71",""
"1968-05","1968","05","-0.6","","-7.7","","-4.2","","3.9","","-17.8","","0.0","","24.1","","24.6","","13","","5","","66",""
"1968-06","1968","06","5.7","","-0.1","","2.8","","11.7","","-3.9","","17.8","","5.3","","23.4","","0","T","34","","58",""
"1968-07","1968","07","9.8","","2.7","","6.3","","18.9","","0.0","S","119.1","","0.3","","119.4","","0","","16","","48",""
"1968-08","1968","08","10.4","","3.0","","6.7","","17.8","","0.0","","46.5","","0.0","","46.5","","0","","14","","48","S"
"1968-09","1968","09","6.4","","0.1","","3.3","","17.2","","-6.7","","30.2","","13.0","","43.4","","0","T","14","","64",""
"1968-10","1968","10","2.3","","-2.3","","0.0","","6.7","","-9.4","","65.8","","33.8","","102.4","","5","","16","","51",""
"1968-11","1968","11","-8.8","","-15.2","","-12.0","","2.8","","-27.8","S","1.0","","24.4","","21.8","","13","","34","","85",""
"1968-12","1968","12","-14.6","","-23.1","","-18.9","","2.8","","-35.0","","0.0","T","35.6","","29.2","","18","","9","","79",""
"1969-01","1969","01","-15.1","","-24.4","","-19.8","","-1.1","","-35.6","","0.0","","39.1","","33.5","","25","","9","","77",""
"1969-02","1969","02","-11.7","","-22.1","","-16.9","","2.2","","-37.8","","0.3","","22.4","","22.4","","15","","9","","98",""
"1969-03","1969","03","-18.1","","-27.8","","-23.0","","-6.7","","-37.8","S","0.0","","23.6","","22.9","","15","","34","","71",""
"1969-04","1969","04","-15.1","","-23.9","","-19.5","","-3.9","","-33.9","","0.0","","9.9","","10.2","","13","","36","","48","S"
"1969-05","1969","05","-0.4","","-6.7","","-3.6","","6.1","","-13.3","","3.3","","19.6","","25.1","","3","","9","","76",""
"1969-06","1969","06","6.7","","0.7","","3.7","","10.0","","-1.7","","9.1","","18.3","","29.7","","0","T","9","","48",""
"1969-07","1969","07","15.2","","4.4","","9.8","","24.4","","-1.7","","26.2","","0.5","","26.7","","0","","32","","53",""
"1969-08","1969","08","10.2","","3.5","","6.9","","21.1","","0.6","","46.7","","0.0","T","46.7","","0","","7","","53",""
"1969-09","1969","09","4.7","","-0.9","","1.9","","9.4","","-5.6","","8.9","","4.1","","13.0","","0","T","32","","64",""
"1969-10","1969","10","-2.3","","-8.5","","-5.4","","2.8","","-18.3","","0.0","T","27.4","","28.4","","10","","16","","51",""
"1969-11","1969","11","-5.8","","-15.1","","-10.5","","2.2","","-28.9","","7.4","","50.5","","58.4","","20","","11","","64",""
"1969-12","1969","12","-15.5","","-25.1","","-20.3","","-7.8","S","-31.7","S","0.0","","11.2","","10.9","","20","","34","","80",""
"1970-01","1970","01","-20.4","","-27.8","","-24.1","","-1.1","","-43.3","","0.0","","40.4","","40.4","","38","","11","","77",""
"1970-02","1970","02","-21.3","","-31.2","","-26.3","","-5.6","","-41.1","","0.0","","45.7","","43.4","","48","","14","","76",""
"1970-03","1970","03","-13.9","","-23.1","","-18.5","","-3.9","","-33.9","","0.0","","18.3","","16.0","","25","","29","","58",""
"1970-04","1970","04","-11.8","","-21.5","","-16.7","","-2.2","","-28.3","","0.0","","15.2","","14.7","","18","","36","","74",""
"1970-05","1970","05","-2.5","","-11.2","","-6.9","","4.4","","-22.8","","0.0","T","35.1","","35.8","","8","","9","","76",""
"1970-06","1970","06","4.3","","-1.1","","1.6","","7.2","S","-7.2","","9.1","","43.9","","62.0","","0","T","32","","71",""
"1970-07","1970","07","9.5","","2.3","","5.9","","15.6","","0.0","","71.1","","5.6","","78.7","","0","","16","","55",""
"1970-08","1970","08","9.8","","3.1","","6.5","","16.1","","0.6","","51.3","","0.0","T","51.3","","0","","16","","43",""
"1970-09","1970","09","4.9","","-0.6","","2.2","","10.6","S","-6.7","","56.9","","7.6","","63.8","","0","","27","","64",""
"1970-10","1970","10","-0.6","","-5.8","","-3.2","","4.4","","-16.7","S","8.9","","34.3","","36.1","","3","","14","","76",""
"1970-11","1970","11","-5.9","","-13.8","","-9.9","","0.0","","-25.6","","0.0","T","59.7","","44.2","","13","","9","","79",""
"1970-12","1970","12","-19.6","","-26.6","","-23.1","","2.8","","-35.6","","0.0","T","18.3","","12.7","","8","","34","","89",""
"1971-01","1971","01","-18.1","","-26.6","","-22.4","","-2.8","","-36.1","","0.0","","20.1","","17.0","","8","","9","","113",""
"1971-02","1971","02","-23.4","","-30.4","","-26.9","","-9.4","","-37.8","","0.0","","12.2","","10.7","","8","","36","","50",""
"1971-03","1971","03","-12.8","","-22.8","","-17.8","","-0.6","","-33.3","","0.0","","14.0","","11.4","","5","","7","","68",""
"1971-04","1971","04","-8.6","","-17.2","","-12.9","","2.8","S","-28.3","","0.0","T","22.4","","18.3","","5","","16","","56",""
"1971-05","1971","05","-0.3","","-7.7","","-4.0","","4.4","","-13.3","","0.0","T","11.9","","10.9","","0","T","16","","63",""
"1971-06","1971","06","7.2","","0.3","","3.8","","16.7","","-4.4","","13.5","","4.1","","21.3","","0","","34","","31",""
"1971-07","1971","07","9.9","","3.3","","6.6","","15.0","","0.0","","94.7","","0.0","","94.7","","0","","16","","40",""
"1971-08","1971","08","10.9","","3.3","","7.1","","18.9","","-0.6","","38.4","","0.0","T","38.4","","0","","9","","51",""
"1971-09","1971","09","3.7","","-0.9","","1.4","","7.8","","-7.8","","36.1","","18.8","","55.6","","0","","32","","51",""
"1971-10","1971","10","-0.5","","-5.8","","-3.2","","3.9","S","-13.3","","0.0","T","24.4","","19.8","","5","","14","","64",""
"1971-11","1971","11","-8.2","","-15.6","","-11.9","","0.6","","-26.1","","0.0","","41.1","","34.5","","18","","14","","55",""
"1971-12","1971","12","-26.3","","-33.4","","-29.9","","-2.2","S","-41.1","","0.0","","4.1","","3.8","","18","","34","","43","S"
"1972-01","1972","01","-29.0","","-35.8","","-32.4","","-17.2","","-41.1","S","0.0","","13.5","","13.5","","13","","32","","68",""
"1972-02","1972","02","-27.2","","-34.9","","-31.1","","-11.1","","-42.8","","0.0","","3.6","","3.6","","13","","34","","76",""
"1972-03","1972","03","-22.6","","-32.4","","-27.5","","-7.2","","-40.0","","0.0","","35.8","","24.1","","23","","32","","63",""
"1972-04","1972","04","-10.2","","-20.3","","-15.3","","-0.6","","-27.8","S","0.0","","28.2","","20.3","","20","","32","","56",""
"1972-05","1972","05","-3.0","","-10.7","","-6.9","","4.4","","-22.2","","0.0","T","11.2","","11.2","","8","","32","","64",""
"1972-06","1972","06","2.7","","-2.8","","-0.1","","6.1","","-8.3","","3.6","","21.6","","29.0","","0","T","32","","58",""
"1972-07","1972","07","9.2","","2.2","","5.7","","21.1","","-2.2","","52.1","","0.0","T","52.8","","0","","29","","45",""
"1972-08","1972","08","8.8","","1.6","","5.2","","17.8","","-2.2","","24.4","","1.3","","27.4","","0","","29","","48",""
"1972-09","1972","09","2.9","","-1.3","","0.8","","8.9","","-6.7","","31.8","","17.0","","51.3","","3","","11","","47",""
"1972-10","1972","10","-3.6","","-10.4","","-7.0","","2.2","S","-26.7","","0.0","","75.4","","70.6","","15","","32","","77",""
"1972-11","1972","11","-11.1","","-20.1","","-15.6","","-3.9","S","-35.6","S","0.0","T","22.4","","20.1","","25","","34","","47",""
"1972-12","1972","12","-25.4","","-31.8","","-28.6","","-12.2","","-40.0","S","0.0","","9.7","","9.7","","15","","32","","69",""
"1973-01","1973","01","-25.4","","-32.7","","-29.1","","-8.9","S","-40.6","S","0.0","","19.6","","18.5","","18","","32","","76",""
"1973-02","1973","02","-24.8","","-34.8","","-29.8","","-16.7","","-45.6","","0.0","","7.9","","7.9","","18","","32","","43",""
"1973-03","1973","03","-19.7","","-31.3","","-25.5","","-5.0","","-39.4","","0.0","","39.9","","37.6","","30","","32","","51",""
"1973-04","1973","04","-9.6","","-19.0","","-14.3","","2.2","","-33.9","","2.0","","56.9","","61.5","","38","","32","","47",""
"1973-05","1973","05","0.3","","-6.8","","-3.3","","6.7","","-20.0","","8.1","","16.3","","24.4","","10","","14","","42",""
"1973-06","1973","06","6.7","","0.4","","3.6","","18.3","","-1.1","S","13.0","","22.9","","37.3","","0","T","32","","56",""
"1973-07","1973","07","10.6","","4.0","","7.3","","21.1","","1.1","S","63.2","","0.0","T","63.2","","0","","32","","32","S"
"1973-08","1973","08","12.2","","3.7","","8.0","","21.7","","-0.6","","19.6","","0.0","","19.6","","0","","32","","42",""
"1973-09","1973","09","6.8","","1.7","","4.3","","12.2","","-1.7","S","66.5","","6.9","","73.7","","0","","36","","37",""
"1973-10","1973","10","-0.6","","-5.1","","-2.9","","4.4","S","-12.8","","0.0","T","32.5","","31.2","","8","","11","","61",""
"1973-11","1973","11","-4.2","","-10.9","","-7.6","","4.4","","-22.2","","0.0","T","48.0","","46.5","","25","","34","","68",""
"1973-12","1973","12","-18.1","","-27.5","","-22.8","","-4.4","","-36.7","","0.0","","8.1","","8.1","","18","","32","","56",""
"1974-01","1974","01","-27.3","","-34.1","","-30.7","","-14.4","","-42.2","S","0.0","","3.3","","3.3","","13","","32","","55",""
"1974-02","1974","02","-21.8","","-30.7","","-26.3","","-5.6","","-37.8","","0.0","","3.6","","3.6","","10","","5","","71",""
"1974-03","1974","03","-20.4","","-29.6","","-25.0","","-10.0","","-39.4","S","0.0","","21.3","","21.3","","18","","34","","66",""
"1974-04","1974","04","-11.7","","-22.7","","-17.2","","-0.6","","-32.8","","0.0","","19.8","","17.8","","18","","32","","51",""
"1974-05","1974","05","1.7","","-7.2","","-2.8","","8.9","","-21.1","","0.0","","0.0","T","0.0","T","0","T","32","","47",""
"1974-06","1974","06","9.7","","1.2","","5.5","","17.8","","-5.0","","52.1","","11.7","","64.8","","0","","32","","39",""
"1974-07","1974","07","12.8","","4.3","","8.6","","22.2","","0.6","S","27.9","","0.0","","27.9","","0","","32","","31","S"
"1974-08","1974","08","9.9","","4.0","","7.0","","17.8","","0.0","","88.1","","0.0","","88.1","","0","","32","","48",""
"1974-09","1974","09","4.4","","-1.0","","1.7","","11.7","","-4.4","S","24.1","","24.1","","47.8","","3","","14","","48",""
"1974-10","1974","10","-2.2","","-8.0","","-5.1","","2.8","S","-18.9","","7.6","","40.4","","46.5","","10","","32","","58",""
"1974-11","1974","11","-8.9","","-18.8","","-13.9","","1.1","","-30.6","","0.0","","31.2","","24.6","","23","","34","","60",""
"1974-12","1974","12","-23.9","","-31.8","","-27.9","","-12.2","","-38.9","S","0.0","","3.0","","1.3","","20","","34","","53","S"
"1975-01","1975","01","-25.7","","-33.6","","-29.7","","-8.3","","-42.2","","0.0","","15.5","","11.2","","20","","32","","66",""
"1975-02","1975","02","-20.2","","-29.3","","-24.8","","-1.1","","-39.4","","0.0","","3.6","","1.3","","18","","7","","61",""
"1975-03","1975","03","-21.0","","-30.1","","-25.6","","-6.7","","-36.7","","0.0","","22.6","","15.5","","13","","32","","89",""
"1975-04","1975","04","-11.8","","-20.6","","-16.2","","0.0","S","-27.8","","0.0","","9.7","","6.9","","13","","7","","74",""
"1975-05","1975","05","0.5","","-6.9","","-3.2","","10.6","","-15.0","","1.3","","29.5","","31.0","","8","","32","","69",""
"1975-06","1975","06","11.2","","2.5","","6.9","","21.7","","-0.6","","31.0","","0.0","T","31.0","","0","","29","","64",""
"1975-07","1975","07","11.2","","4.1","","7.7","","16.7","","0.6","","107.2","","0.0","T","107.2","","0","","32","","71",""
"1975-08","1975","08","12.3","","4.3","","8.3","","20.0","","1.7","","88.1","","0.0","","88.1","","0","","32","","72",""
"1975-09","1975","09","5.4","","-0.2","","2.6","","12.8","","-5.6","S","7.6","","8.6","","16.0","","0","T","29","","116",""
"1975-10","1975","10","-0.7","","-5.2","","-3.0","","3.3","","-17.8","","0.5","","57.9","","59.2","","10","","32","","74","S"
"1975-11","1975","11","-8.7","","-16.4","","-12.6","","-2.2","","-25.6","","0.0","","28.2","","25.7","","15","","34","","77",""
"1975-12","1975","12","-17.5","","-27.7","","-22.6","","-3.3","","-35.0","","0.0","","39.4","","34.5","","25","","32","","84",""
"1976-01","1976","01","-21.2","","-29.5","","-25.4","","-8.9","","-35.6","","0.0","","40.4","","39.9","","33","","34","","90",""
"1976-02","1976","02","-25.4","","-33.4","","-29.4","","-7.8","","-39.4","","0.0","","13.7","","13.7","","23","","34","","76",""
"1976-03","1976","03","-21.2","","-30.2","","-25.7","","-3.3","","-36.1","","0.0","","19.6","","19.6","","28","","32","","106",""
"1976-04","1976","04","-9.7","","-19.7","","-14.7","","-0.6","","-28.3","","0.0","","28.2","","28.2","","36","","14","","93",""
"1976-05","1976","05","1.1","","-6.4","","-2.7","","8.3","S","-16.7","","0.0","T","36.3","","37.6","","8","","7","","84",""
"1976-06","1976","06","6.5","","0.3","","3.4","","13.9","","-4.4","","13.2","","6.6","","20.3","","0","T","14","","64",""
"1976-07","1976","07","9.3","","2.6","","6.0","","15.0","","0.0","","97.3","","3.0","","100.3","","0","","34","","76",""
"1976-08","1976","08","8.2","","2.0","","5.1","","11.7","S","-1.7","","57.2","","5.1","","61.5","","0","","32","","84",""
"1976-09","1976","09","4.2","","-0.7","","1.8","","8.9","S","-7.2","","1.3","","14.0","","17.3","","0","T","9","","77",""
"1976-10","1976","10","-7.0","","-13.8","","-10.4","","1.1","","-22.2","","0.0","T","37.6","","34.5","","15","","34","","64",""
"1976-11","1976","11","-9.1","","-17.5","","-13.3","","1.7","","-32.8","","0.0","","25.7","","23.9","","23","","7","","100",""
"1976-12","1976","12","-17.3","","-27.0","","-22.2","","3.3","","-40.0","","0.0","T","33.3","","32.8","","23","","11","","97",""
"1977-01","1977","01","-11.6","","-20.7","","-16.2","","1.4","","-36.1","","0.0","T","54.6","","55.4","","44","","7","","117","E"
"1977-02","1977","02","-20.8","","-28.9","","-24.9","","-5.7","","-38.3","","0.0","","29.9","","29.9","","46","","33","","98","E"
"1977-03","1977","03","-12.0","","-20.6","","-16.3","","1.7","","-34.3","","0.0","","46.6","","46.3","","67","","12","","72","E"
"1977-04","1977","04","-8.7","","-19.5","","-14.1","","-2.3","","-27.6","","0.0","T","41.4","","41.2","","17","","12","","65","E"
"1977-05","1977","05","0.9","","-5.8","","-2.5","","5.1","","-14.4","","1.5","","20.0","","22.1","","3","","33","","65","E"
"1977-06","1977","06","7.6","","1.1","","4.4","","16.1","","-2.4","","26.0","","0.8","","26.8","","0","","13","","63","E"
"1977-07","1977","07","11.7","","4.4","","8.1","","18.6","","0.6","","66.9","","0.0","","66.9","","0","","31","","59","E"
"1977-08","1977","08","10.5","","3.5","","7.0","","18.4","","-0.1","","32.4","","0.0","","32.4","","0","","14","","63","E"
"1977-09","1977","09","5.3","","-0.3","","2.5","","11.6","","-4.7","","25.7","","13.2","","38.9","","0","","31","","61","E"
"1977-10","1977","10","-1.2","","-6.3","","-3.8","","2.9","","-20.1","","1.2","","51.4","","51.7","","20","","33","","67","E"
"1977-11","1977","11","-3.6","","-10.4","","-7.0","","5.0","","-25.0","","2.5","","39.3","","41.8","","24","","12","","91","E"
"1977-12","1977","12","-19.1","","-26.5","","-22.8","","-4.4","","-34.2","","0.0","","23.0","","16.0","","27","","33","S","74","B"
"1978-01","1978","01","-26.9","","-34.5","","-30.7","","-15.8","","-40.6","S","0.0","","7.4","","7.4","","23","","33","","74","E"
"1978-02","1978","02","-18.1","","-26.3","","-22.2","","-2.2","","-37.2","","0.0","","3.4","","2.8","","15","","35","","74","E"
"1978-03","1978","03","-23.0","","-32.1","","-27.6","","-13.2","","-38.9","","0.0","","23.7","","21.6","","22","","32","","80","E"
"1978-04","1978","04","-10.7","","-21.1","","-15.9","","-0.3","","-32.8","","0.0","","13.8","","13.8","","14","","34","","80","E"
"1978-05","1978","05","-2.6","","-10.0","","-6.3","","4.3","","-16.0","","0.6","","16.7","","17.3","","5","","32","","85","E"
"1978-06","1978","06","3.3","","-2.2","","0.6","","8.7","","-10.2","","25.5","","12.0","","37.5","","1","","15","","65","E"
"1978-07","1978","07","9.0","","2.6","","5.8","","15.4","","0.0","","81.1","","0.0","T","81.1","","0","","16","","54","E"
"1978-08","1978","08","10.1","","3.4","","6.8","","20.7","","1.8","","96.3","","0.0","T","96.3","","0","","30","","67","E"
"1978-09","1978","09","4.8","","-1.0","","1.9","","13.4","","-7.6","","27.9","","19.9","","41.5","","9","","7","","65","E"
"1978-10","1978","10","-6.1","","-13.8","","-10.0","","2.4","","-27.1","","8.9","","58.8","","67.7","","28","","33","S","76","B"
"1978-11","1978","11","-16.5","","-27.2","","-21.9","","-0.6","","-36.2","S","0.0","","28.9","","27.8","","43","","34","","81","E"
"1978-12","1978","12","-11.6","","-18.5","","-15.1","","1.7","","-32.3","","0.0","T","12.6","","11.8","","31","","6","","96","E"
"1979-01","1979","01","-17.2","","-26.0","","-21.6","","2.9","","-38.6","","2.0","","17.9","","18.3","","22","","35","","89","E"
"1979-02","1979","02","-28.7","","-35.7","","-32.2","","-21.6","","-44.7","","0.0","","18.2","","17.3","","30","","34","","91","E"
"1979-03","1979","03","-15.8","","-27.6","","-21.7","","0.1","","-38.3","","0.0","","53.5","","47.9","","39","","9","","130","E"
"1979-04","1979","04","-6.2","","-16.2","","-11.2","","4.0","","-26.5","","0.4","","53.8","","43.0","","41","","15","","78","E"
"1979-05","1979","05","2.3","","-3.2","","-0.5","","9.1","","-8.0","","3.2","","30.4","","34.2","","1","","8","","87","E"
"1979-06","1979","06","5.6","","-0.3","","2.7","","10.3","","-3.2","","34.6","","13.9","","49.3","","0","T","32","S","63","B"
"1979-07","1979","07","11.5","","3.5","","7.5","","18.0","","0.4","","90.2","","0.0","","90.2","","0","","14","","78","E"
"1979-08","1979","08","9.6","","2.9","","6.3","","17.1","","0.0","","110.4","","0.9","","111.3","","0","","14","","80","E"
"1979-09","1979","09","4.4","","-0.5","","2.0","","7.6","","-5.3","","131.9","","12.1","","143.8","","0","","15","S","74","B"
"1979-10","1979","10","-0.8","","-6.1","","-3.5","","5.6","","-18.3","","11.7","","13.0","","23.7","","2","","32","","67","E"
"1979-11","1979","11","-11.1","","-19.4","","-15.3","","-3.3","","-29.8","","0.0","T","51.3","","42.1","","14","","35","","83","E"
"1979-12","1979","12","-18.9","","-28.1","","-23.5","","-1.9","","-38.3","","0.0","","25.2","","15.6","","20","","33","","78","E"
"1980-01","1980","01","-15.7","","-25.1","","-20.4","","1.9","","-37.3","S","0.0","","45.9","","42.3","","29","","7","","126","E"
"1980-02","1980","02","-21.3","","-29.2","","-25.3","","-8.0","","-37.5","","0.0","","5.6","","4.9","","15","","33","","69","E"
"1980-03","1980","03","-14.6","","-24.3","","-19.5","","0.4","S","-36.7","","0.0","T","43.7","","34.1","","21","","12","","89","E"
"1980-04","1980","04","-10.1","","-21.4","","-15.8","","-0.6","","-30.8","","0.0","","70.5","","55.9","","33","","33","","81","E"
"1980-05","1980","05","2.1","","-4.0","","-1.0","","6.4","","-19.0","","4.8","","24.3","","28.0","","0","T","32","","72","E"
"1980-06","1980","06","7.6","","1.2","","4.4","","17.2","","-2.4","","48.9","","12.2","","64.2","","0","","13","","61","E"
"1980-07","1980","07","11.7","","3.0","","7.4","","20.4","","0.2","","28.5","","0.0","","28.5","","0","","11","","63",""
"1980-08","1980","08","11.9","","3.5","","7.7","","22.4","","-0.9","","31.3","","0.0","","31.3","","0","","13","","61",""
"1980-09","1980","09","4.3","","-1.4","","1.5","","14.4","","-11.3","","50.7","","9.9","","61.2","","0","T","9","","59",""
"1980-10","1980","10","-0.3","","-6.6","","-3.5","","6.0","","-16.7","","8.7","","17.9","","22.3","","2","","5","","91",""
"1980-11","1980","11","-6.1","","-14.0","","-10.1","","3.8","","-28.8","","0.3","","31.8","","16.9","","15","","6","","111",""
"1980-12","1980","12","-18.6","","-26.2","","-22.4","","-2.3","","-36.8","","0.0","","17.2","","11.5","","7","","7","","85",""
"1981-01","1981","01","-17.2","","-24.9","","-21.1","","-7.6","S","-33.1","","0.0","","37.1","","27.0","","16","","4","","81",""
"1981-02","1981","02","-18.0","","-26.1","","-22.1","","-8.3","","-36.8","","0.0","","95.8","","76.4","","62","","29","","104",""
"1981-03","1981","03","-8.9","","-17.5","","-13.2","","2.4","","-30.9","","0.0","T","18.5","","13.7","","27","","12","","76",""
"1981-04","1981","04","-8.6","","-18.0","","-13.3","","7.2","","-29.7","","0.2","","44.4","","36.8","","24","","32","","69",""
"1981-05","1981","05","-1.6","","-8.0","","-4.8","","4.2","","-12.6","","1.8","","22.5","","25.2","","19","","13","","59",""
"1981-06","1981","06","7.1","","0.4","","3.8","","14.3","","-3.4","S","13.6","","0.3","","13.9","","0","T","6","","63",""
"1981-07","1981","07","13.5","","4.4","","9.0","","23.3","","1.6","","46.8","","0.0","","46.8","","0","","5","","59",""
"1981-08","1981","08","11.0","","4.0","","7.5","","16.9","","-1.9","","44.8","","7.4","","53.0","","0","T","31","S","59","S"
"1981-09","1981","09","6.6","","1.4","","4.0","","12.8","","-1.4","","146.8","","1.8","","149.3","","0","","14","","74",""
"1981-10","1981","10","0.4","","-4.7","","-2.2","","7.3","","-14.0","","5.2","","28.7","","32.9","","4","","13","","67",""
"1981-11","1981","11","-7.6","","-15.1","","-11.4","","0.9","","-23.6","","0.0","T","36.0","","34.3","","15","","13","","76",""
"1981-12","1981","12","-12.7","","-20.8","","-16.8","","-2.3","","-32.4","","0.0","","26.8","","20.3","","12","","34","S","69","S"
"1982-01","1982","01","-14.1","","-23.4","","-18.8","","-3.8","","-33.8","","0.0","","28.8","","27.9","","15","","6","","104",""
"1982-02","1982","02","-24.7","","-33.1","","-28.9","","-9.0","S","-41.8","","0.0","","22.6","","19.5","","18","","31","","83",""
"1982-03","1982","03","-22.0","","-32.5","","-27.3","","-9.1","","-38.8","","0.0","","36.5","","32.2","","34","","32","","102",""
"1982-04","1982","04","-11.1","","-21.9","","-16.5","","1.2","","-29.4","","0.0","T","56.0","","44.8","","27","","32","","91",""
"1982-05","1982","05","-2.2","","-9.0","","-5.6","","4.5","","-17.9","","0.4","","29.5","","27.4","","4","","33","","78",""
"1982-06","1982","06","6.9","","0.8","","3.9","","15.5","","-3.7","","13.4","","4.0","","17.8","","0","","11","","78",""
"1982-07","1982","07","11.5","","3.5","","7.5","","17.8","","-0.6","","71.6","","0.0","","71.6","","0","","31","","59",""
"1982-08","1982","08","10.0","","3.2","","6.6","","20.1","","0.6","","36.3","","3.2","","39.5","","0","","32","","59",""
"1982-09","1982","09","2.4","","-2.8","","-0.2","","10.5","","-8.9","","13.5","","46.1","","57.8","","4","","32","","80",""
"1982-10","1982","10","-3.2","","-8.5","","-5.9","","2.8","","-22.7","","0.0","T","44.4","","41.1","","20","","32","","80",""
"1982-11","1982","11","-9.3","","-18.3","","-13.8","","0.3","","-27.0","","0.0","","45.9","","37.6","","40","","31","","93",""
"1982-12","1982","12","-23.7","","-31.6","","-27.7","","-6.3","","-42.0","","0.0","","27.6","","19.6","","28","","32","","141",""
"1983-01","1983","01","-30.2","","-37.6","","-33.9","","-20.2","","-41.8","","0.0","","12.3","","9.4","","21","","13","","93",""
"1983-02","1983","02","-26.7","","-36.3","","-31.5","","-12.3","","-44.0","","0.0","","25.8","","16.9","","24","","33","","100",""
"1983-03","1983","03","-20.8","","-31.9","","-26.4","","-10.3","","-40.2","","0.0","T","25.0","","16.8","","22","","32","S","65","S"
"1983-04","1983","04","-9.2","","-17.4","","-13.3","","1.0","","-34.2","","1.6","","44.5","","45.4","","34","","14","","57",""
"1983-05","1983","05","-2.4","","-9.7","","-6.1","","7.4","","-21.6","","0.4","","49.6","","46.4","","27","","32","","87",""
"1983-06","1983","06","7.2","","0.4","","3.8","","12.5","","-4.4","","29.5","","0.2","","29.7","","0","T","32","S","46","S"
"1983-07","1983","07","12.1","","3.2","","7.7","","20.9","","0.7","","74.5","","0.0","T","74.5","","0","","10","","72",""
"1983-08","1983","08","9.1","","2.7","","5.9","","13.6","","0.0","","66.8","","0.0","","66.8","","0","","32","","69",""
"1983-09","1983","09","5.2","","-1.5","","1.9","","11.3","","-4.6","","2.7","","12.5","","14.2","","0","T","32","","54",""
"1983-10","1983","10","-2.7","","-8.6","","-5.7","","2.7","","-22.0","S","0.0","T","37.5","","30.2","","15","","9","","65",""
"1983-11","1983","11","-12.2","","-20.1","","-16.2","","1.5","","-33.3","","0.0","T","34.7","","31.1","","27","","32","","63",""
"1983-12","1983","12","-21.9","","-30.4","","-26.2","","-9.0","","-40.4","","0.0","","17.8","","14.6","","27","","30","","67",""
"1984-01","1984","01","-29.2","","-37.4","","-33.3","","-17.0","","-44.9","","0.0","","9.2","","9.0","","27","","27","","50",""
"1984-02","1984","02","-27.6","","-35.8","","-31.7","","-17.1","","-43.3","","0.0","","6.2","","5.8","","23","","33","","54",""
"1984-03","1984","03","-18.8","","-27.1","","-23.0","","-0.5","","-41.0","","0.0","","14.8","","13.0","","22","","32","","70",""
"1984-04","1984","04","-10.6","","-20.7","","-15.7","","0.3","","-33.0","","0.0","","46.4","","40.2","","39","","32","","91",""
"1984-05","1984","05","-0.9","","-9.3","","-5.1","","6.3","","-19.0","","10.2","","45.9","","54.5","","14","","32","","72",""
"1984-06","1984","06","6.7","","0.5","","3.6","","14.7","","-7.4","","28.0","","39.4","","67.4","","0","","10","","85",""
"1984-07","1984","07","13.9","","4.1","","9.0","","24.4","","-0.2","","46.6","","0.2","","46.8","","0","","32","","69",""
"1984-08","1984","08","9.4","","2.5","","6.0","","14.5","","-0.4","","78.4","","1.2","","79.6","","0","","31","","78",""
"1984-09","1984","09","3.8","","-0.7","","1.6","","9.6","","-6.0","","17.8","","14.5","","32.3","","0","T","31","","89",""
"1984-10","1984","10","-1.3","","-7.6","","-4.5","","5.0","","-18.5","","5.0","","49.9","","49.4","","17","","9","","89",""
"1984-11","1984","11","-10.1","","-17.5","","-13.8","","-1.0","","-26.5","","0.0","","26.4","","22.0","","13","","32","","78",""
"1984-12","1984","12","-20.2","","-28.9","","-24.6","","-5.9","","-36.2","","0.0","","24.6","","22.8","","17","","11","","89",""
"1985-01","1985","01","-13.4","","-22.4","","-17.9","","2.7","","-34.9","","0.0","","27.8","","19.7","","23","","34","","76",""
"1985-02","1985","02","-20.8","","-28.9","","-24.9","","-10.0","","-41.8","","0.0","","13.0","","12.6","","20","","32","","94",""
"1985-03","1985","03","-18.8","","-28.8","","-23.8","","0.3","","-39.0","","0.0","","34.2","","27.4","","34","","33","","93",""
"1985-04","1985","04","-12.9","","-21.8","","-17.4","","0.5","","-30.7","","0.0","","6.2","","6.2","","22","","32","","59",""
"1985-05","1985","05","-1.1","","-6.8","","-4.0","","7.8","","-20.8","","11.0","","8.6","","19.4","","1","","33","","70",""
"1985-06","1985","06","10.2","","2.3","","6.3","","20.1","","-2.2","","49.8","","3.6","","53.4","","0","","32","","65",""
"1985-07","1985","07","12.8","","4.9","","8.9","","20.3","","1.9","","67.2","","0.0","","67.2","","0","","31","","61",""
"1985-08","1985","08","12.0","","4.3","","8.2","","23.1","","0.4","","54.9","","0.0","","54.9","","0","","15","","69",""
"1985-09","1985","09","6.0","","1.1","","3.6","","9.7","","-2.5","","67.9","","1.0","","68.9","","0","","32","","67",""
"1985-10","1985","10","-1.0","","-5.7","","-3.4","","4.2","","-16.9","","46.9","","44.2","","85.5","","8","","12","","65",""
"1985-11","1985","11","-6.3","","-12.9","","-9.6","","5.2","","-25.7","","0.0","T","22.8","","20.0","","12","","6","","96",""
"1985-12","1985","12","-7.6","","-16.0","","-11.8","","2.0","","-31.5","","0.0","T","56.8","","46.2","","32","","11","","85",""
"1986-01","1986","01","-21.2","","-30.5","","-25.9","","-5.5","","-39.5","S","0.0","","44.4","","42.6","","40","","33","","100",""
"1986-02","1986","02","-14.8","","-25.3","","-20.1","","2.4","","-45.6","","0.2","","36.8","","35.2","","30","","6","","89",""
"1986-03","1986","03","-21.0","","-30.9","","-26.0","","-1.1","","-38.4","","0.0","","9.0","","8.4","","20","","32","","72",""
"1986-04","1986","04","-8.5","","-17.3","","-12.9","","1.7","","-29.5","","1.2","","39.0","","39.0","","40","","34","","57",""
"1986-05","1986","05","-0.2","","-6.7","","-3.5","","5.4","","-16.0","","11.7","","21.1","","33.1","","12","","14","","67",""
"1986-06","1986","06","4.6","","-1.1","","1.8","","8.0","","-4.7","","0.0","T","9.8","","9.8","","0","","32","","50",""
"1986-07","1986","07","13.0","","4.6","","8.8","","22.2","","1.0","","56.3","","0.0","","56.3","","0","","32","","70",""
"1986-08","1986","08","8.7","","3.0","","5.9","","18.4","","0.0","","129.6","","0.0","T","129.6","","0","","14","","74",""
"1986-09","1986","09","5.0","","-0.1","","2.5","","10.4","","-6.7","","71.4","","5.7","","77.1","","0","","7","","91",""
"1986-10","1986","10","-7.3","","-14.2","","-10.8","","1.0","","-23.4","","0.0","","17.0","","14.6","","5","","32","","137",""
"1986-11","1986","11","-13.4","","-21.1","","-17.3","","-3.4","","-30.2","","0.0","","15.0","","13.8","","15","","7","","81",""
"1986-12","1986","12","-21.4","","-31.3","","-26.4","","-7.2","","-39.8","","0.0","","18.4","","15.2","","24","","32","","98",""
"1987-01","1987","01","-23.7","","-32.8","","-28.3","","-10.9","","-40.3","","0.0","","28.8","E","24.2","E","17","","33","","96",""
"1987-02","1987","02","-25.1","","-33.2","","-29.2","","-15.4","","-44.3","","0.0","","2.8","","2.8","","17","","33","","78",""
"1987-03","1987","03","-19.4","","-29.8","","-24.6","","-7.2","","-36.9","","0.0","","10.2","","8.0","","20","","33","","87",""
"1987-04","1987","04","-10.5","","-21.9","","-16.2","","-0.4","","-33.5","","0.0","T","73.0","","52.8","","56","","31","","83",""
"1987-05","1987","05","-4.1","","-11.2","","-7.7","","1.3","","-19.0","","0.0","T","41.0","","32.8","","32","","33","","70",""
"1987-06","1987","06","6.6","","0.3","","3.5","","17.2","","-6.5","","47.5","","21.2","","66.9","","0","T","25","","59",""
"1987-07","1987","07","12.0","","3.2","","7.6","","18.3","","0.8","","55.6","","0.0","","55.6","","0","","14","","63",""
"1987-08","1987","08","8.8","","3.1","","6.0","","12.1","S","0.5","","83.1","","0.0","","83.1","","0","","8","","59",""
"1987-09","1987","09","7.5","","0.8","","4.2","","11.2","","-4.0","","46.0","","0.8","","46.8","","0","T","4","","83",""
"1987-10","1987","10","-1.3","","-6.8","","-4.1","","2.9","","-16.3","","0.0","T","23.2","","18.4","","10","","32","","65",""
"1987-11","1987","11","-9.9","","-18.2","","-14.1","","1.5","","-31.9","","0.0","T","30.8","","27.3","","30","","6","","98",""
"1987-12","1987","12","-17.1","","-25.6","","-21.4","","-8.0","","-35.0","","0.0","","12.0","","10.0","","29","","33","","59",""
"1988-01","1988","01","-24.2","","-32.1","","-28.2","","-13.9","","-38.5","","0.0","","8.8","","8.8","","23","","35","","130",""
"1988-02","1988","02","-21.6","","-31.4","","-26.5","","-4.5","","-39.5","","0.0","","39.6","","35.1","","42","","32","","107","E"
"1988-03","1988","03","-15.9","","-26.0","","-21.0","","-6.0","","-36.8","","0.0","T","32.0","","27.6","","49","","33","","65","E"
"1988-04","1988","04","-7.7","","-17.5","","-12.6","","3.0","","-30.5","","0.0","","13.0","","12.2","","36","","13","","72",""
"1988-05","1988","05","-0.9","","-7.9","","-4.4","","6.0","","-19.2","","5.6","","33.4","","39.0","","18","","33","","81",""
"1988-06","1988","06","6.0","","-0.3","","2.9","","14.5","","-2.5","","13.6","","3.8","","17.8","","0","","32","","59",""
"1988-07","1988","07","10.8","","3.5","","7.2","","19.6","","-0.8","","27.2","","0.0","T","27.2","","0","","32","","65",""
"1988-08","1988","08","11.4","","4.2","","7.8","","19.9","","2.0","","55.0","","0.0","","55.0","","0","","32","S","76","S"
"1988-09","1988","09","6.0","","0.8","","3.4","","14.1","","-3.8","","39.4","","1.4","","40.8","","0","","14","","44",""
"1988-10","1988","10","1.2","","-3.5","","-1.2","","5.6","","-11.7","","7.2","","43.4","","42.8","","0","T","32","S","69","S"
"1988-11","1988","11","-9.0","","-16.4","","-12.7","","0.5","","-25.2","","0.0","T","24.9","","19.4","","24","","34","S","93","S"
"1988-12","1988","12","-21.9","","-29.3","","-25.6","","-7.5","","-37.2","","0.0","","10.0","","8.4","","11","","33","","74",""
"1989-01","1989","01","-27.7","","-35.4","","-31.6","","-11.5","","-43.3","","0.0","","11.0","","10.8","","13","","32","","72",""
"1989-02","1989","02","-26.4","","-35.0","","-30.7","","-17.2","S","-43.0","","0.0","","8.1","","7.3","","20","","8","","59",""
"1989-03","1989","03","-23.5","","-33.5","","-28.5","","-10.2","","-37.2","S","0.0","","10.2","","10.2","","20","","15","","65",""
"1989-04","1989","04","-8.2","","-18.2","","-13.2","","5.1","","-30.3","","0.0","T","18.8","","14.7","","6","","33","","74",""
"1989-05","1989","05","-3.9","","-11.2","","-7.6","","5.8","","-19.4","","4.2","","26.6","","25.8","","1","","33","","70",""
"1989-06","1989","06","6.8","","0.8","","3.8","","15.5","","-3.6","","17.4","","28.2","","45.6","","0","","32","","72",""
"1989-07","1989","07","12.7","","4.4","","8.6","","19.8","","1.5","S","82.4","","0.0","T","82.4","","0","","31","","65",""
"1989-08","1989","08","10.3","","3.6","","7.0","","16.5","","0.6","","59.4","","0.8","","60.2","","0","","32","S","63","S"
"1989-09","1989","09","3.3","","-2.1","","0.6","","10.1","","-6.8","","3.4","","16.7","","20.5","","0","T","5","","72",""
"1989-10","1989","10","-3.3","","-10.4","","-6.9","","3.1","","-20.7","","1.4","","34.5","","37.2","","12","","31","","91","S"
"1989-11","1989","11","-7.9","","-15.4","","-11.7","","2.0","","-25.9","","0.2","","77.6","","68.0","","29","","9","","107",""
"1989-12","1989","12","-17.6","","-24.9","","-21.3","","-0.7","","-38.1","","0.0","","21.2","","14.4","","17","","33","","69",""
"1990-01","1990","01","-25.9","","-32.9","","-29.4","","-18.5","S","-36.7","","0.0","","8.4","","7.8","","13","","34","","70",""
"1990-02","1990","02","-28.2","","-35.6","","-31.9","","-19.2","","-43.3","","0.0","","10.0","","9.2","","17","","35","","65",""
"1990-03","1990","03","-18.1","","-27.5","","-22.8","","-3.2","","-35.3","S","0.0","","48.2","","41.4","","32","","14","","83",""
"1990-04","1990","04","-12.5","","-22.3","","-17.4","","-5.3","","-33.5","","0.0","","29.0","","26.4","","26","","8","","89",""
"1990-05","1990","05","-1.5","","-8.8","","-5.2","","6.8","","-17.7","","0.0","T","34.2","","36.4","","4","","14","","83",""
"1990-06","1990","06","6.3","","0.3","","3.3","","14.3","","-3.0","","10.6","","1.0","","11.4","","0","","15","","85",""
"1990-07","1990","07","12.6","","3.9","","8.3","","22.4","","0.1","","21.8","","0.0","","21.8","","0","","14","","65",""
"1990-08","1990","08","9.1","","3.0","","6.1","","14.1","","-0.1","","99.2","","0.0","","99.2","","0","","14","","50",""
"1990-09","1990","09","4.4","","-0.5","","2.0","","10.8","","-3.9","","36.0","","9.8","","45.4","","0","","28","","69",""
"1990-10","1990","10","-3.5","","-9.5","","-6.5","","4.4","","-18.5","S","0.0","","31.0","","26.4","","16","","33","","81",""
"1990-11","1990","11","-8.4","","-16.2","","-12.3","","-1.0","","-28.6","","0.0","T","18.8","","17.0","","15","","35","S","50","S"
"1990-12","1990","12","-22.8","","-32.0","","-27.4","","0.4","","-40.2","","0.0","T","36.0","","35.4","","25","","12","","78",""
"1991-01","1991","01","-28.2","","-35.9","","-32.1","","-18.0","","-44.9","","0.0","","7.6","","7.0","","26","","33","","54",""
"1991-02","1991","02","-24.4","","-33.5","","-29.0","","-5.9","","-44.7","","0.0","","16.0","","15.4","","27","","5","","104",""
"1991-03","1991","03","-17.1","","-27.8","","-22.5","","-3.6","","-44.7","","0.0","T","37.0","","32.8","","49","","32","S","52","S"
"1991-04","1991","04","-12.3","","-23.3","","-17.8","","-3.4","","-31.2","","0.0","","19.8","","18.4","","34","","33","","82",""
"1991-05","1991","05","-3.8","","-10.3","","-7.1","","7.9","","-19.5","","0.2","","31.4","","29.2","","37","","15","","56",""
"1991-06","1991","06","10.3","","2.1","","6.2","","18.3","","-1.2","","11.0","","0.2","","11.2","","0","","33","","67",""
"1991-07","1991","07","13.6","","4.9","","9.2","","23.2","","2.1","","30.4","","0.0","","30.4","","0","","31","","63",""
"1991-08","1991","08","12.4","","4.0","","8.2","","25.5","","0.4","","68.2","","0.2","","68.4","","0","","31","S","69","S"
"1991-09","1991","09","4.5","","-0.1","","2.3","","12.4","","-5.4","","59.8","","5.4","","65.0","","0","T","13","","91",""
"1991-10","1991","10","-2.2","","-7.7","","-5.0","","4.2","","-18.6","","1.0","","24.6","","24.6","","6","","7","","109",""
"1991-11","1991","11","-6.3","","-13.2","","-9.8","","0.5","","-28.9","","0.0","T","27.6","","26.4","","15","","34","S","67","S"
"1991-12","1991","12","-17.5","","-26.3","","-21.9","","-5.6","","-33.7","","0.0","","31.4","","31.6","","15","","6","","106",""
"1992-01","1992","01","-20.4","","-30.4","","-25.4","","-2.2","","-44.8","","0.0","","34.6","","32.0","","24","","33","","70",""
"1992-02","1992","02","-29.1","","-37.6","","-33.4","","-13.6","","-44.3","","0.0","","8.2","","8.2","","23","","33","","74",""
"1992-03","1992","03","-22.6","","-31.6","","-27.1","","-10.6","","-36.3","","0.0","","2.4","","2.2","","9","","33","","111",""
"1992-04","1992","04","-14.5","","-23.8","","-19.2","","-8.4","","-31.7","","0.0","","21.0","","10.0","","10","","32","","65",""
"1992-05","1992","05","-4.5","","-12.0","","-8.3","","2.4","","-22.3","","0.0","","27.8","","24.2","","11","","32","S","63","S"
"1992-06","1992","06","2.9","","-1.8","","0.6","","8.8","","-5.8","","11.6","","15.2","","26.6","","0","T","32","","48",""
"1992-07","1992","07","11.4","","3.3","","7.3","","18.6","","0.9","","66.2","","0.0","T","66.2","","0","","33","","57",""
"1992-08","1992","08","10.4","","3.1","","6.7","","19.3","","-0.7","","21.8","","0.0","T","21.8","","0","","13","","65",""
"1992-09","1992","09","4.1","","-0.7","","1.7","","9.1","","-4.3","","47.2","","37.6","","84.4","","9","","8","","104",""
"1992-10","1992","10","0.1","","-5.6","","-2.8","","5.0","","-16.7","S","9.6","","24.2","","32.0","","5","","13","S","65","S"
"1992-11","1992","11","-14.3","","-22.4","","-18.4","","-0.8","","-30.5","S","0.0","","14.8","","10.6","","7","","33","","100",""
"1992-12","1992","12","-21.8","","-29.5","","-25.7","","-6.8","","-39.7","","0.0","","24.2","","20.2","","19","","35","I","74","I"
"1993-01","1993","01","-27.6","","-35.3","","-31.5","","-6.2","","-42.5","","0.0","","25.8","","23.8","","30","","32","S","82","S"
"1993-02","1993","02","-30.8","","-38.3","","-34.6","","-20.3","","-42.3","","0.0","","6.2","","5.6","","19","","34","","61",""
"1993-03","1993","03","-22.5","","-31.8","","-27.2","","-8.3","","-42.6","","0.0","","13.8","","10.6","","24","","33","S","65","S"
"1993-04","1993","04","-13.5","","-24.2","","-18.9","","-6.7","","-28.9","","0.0","","8.6","","4.2","","17","","33","I","69","I"
"1993-05","1993","05","-1.2","","-6.9","","-4.1","","7.4","","-22.2","","1.4","","8.2","","7.8","","0","T","13","","69",""
"1993-06","1993","06","6.7","","0.8","","3.8","","13.8","","-2.0","","40.3","","3.6","","43.7","","0","","14","I","63","I"
"1993-07","1993","07","9.2","","3.2","","6.2","","19.5","","-0.3","","71.0","","0.0","","71.0","","0","","14","S","44","S"
"1993-08","1993","08","9.7","","2.8","","6.2","","18.8","","-1.4","","58.6","","0.0","T","58.6","","0","","32","","59",""
"1993-09","1993","09","4.1","","-0.3","","1.9","","7.0","","-7.0","","33.2","","7.6","","40.2","","1","","7","","80",""
"1993-10","1993","10","-1.5","","-6.3","","-3.9","","5.2","","-17.0","","0.2","","36.4","","31.6","","9","","13","I","89","I"
"1993-11","1993","11","-12.3","","-21.1","E","-16.4","E","-1.8","","-33.9","E","0.0","","29.4","","23.6","","18","","32","I","82","I"
"1993-12","1993","12","-21.6","E","-31.0","E","-26.3","E","-6.6","E","-43.4","E","0.0","","25.8","","14.6","","18","","12","S","46","S"
"1994-01","1994","01","-22.8","","-30.0","","-26.5","","-8.7","","-38.8","","0.0","","19.2","","18.1","","22","","33","","72",""
"1994-02","1994","02","-23.4","","-30.7","","-27.1","","-14.0","","-40.5","","0.0","","11.8","","11.8","","25","","33","","89",""
"1994-03","1994","03","-21.4","","-30.8","","-26.2","","-12.1","","-39.7","","0.0","","14.0","","12.2","","32","","33","I","70","I"
"1994-04","1994","04","-8.7","","-18.1","","-13.4","","2.6","","-29.5","","0.0","T","15.8","","15.4","","30","","13","","83",""
"1994-05","1994","05","0.1","","-5.7","","-2.8","","6.0","S","-17.1","","0.6","","19.4","","20.0","","0","T","7","I","78","I"
"1994-06","1994","06","6.8","","0.4","","3.6","","16.6","","-3.5","","44.8","","9.2","","54.0","","0","","29","","93",""
"1994-07","1994","07","11.2","","3.4","","7.3","","21.8","","0.8","","37.6","","0.2","","37.8","","0","","33","","59","S"
"1994-08","1994","08","9.5","","2.4","","6.0","","16.2","","-1.6","","77.2","","0.0","","77.2","","0","","32","","57",""
"1994-09","1994","09","4.1","","-0.4","","1.9","","9.3","","-4.5","","29.0","","32.6","","61.6","","0","T","13","I","74","I"
"1994-10","1994","10","-0.8","","-6.3","","-3.5","","7.2","","-14.7","","0.4","","17.4","","16.4","","4","","32","I","69","I"
"1994-11","1994","11","-10.5","","-16.5","","-13.6","","0.6","","-32.9","S","0.0","T","23.8","","22.8","","16","","7","","57",""
"1994-12","1994","12","-17.6","","-26.6","","-22.1","","-6.4","","-34.3","","0.0","","22.2","","19.6","","24","","33","I","87","I"
"1995-01","1995","01","-19.7","","-27.4","","-23.6","","-8.7","","-36.1","","0.0","","2.6","","2.6","","19","","33","","61",""
"1995-02","1995","02","-25.0","","-32.5","","-28.8","","-5.5","","-39.5","","0.0","","7.0","","6.2","","22","","8","I","59","I"
"1995-03","1995","03","-19.9","","-29.7","","-24.8","","-6.9","","-40.3","","0.0","","7.4","","6.0","","25","","33","","78",""
"1995-04","1995","04","-5.7","","-13.5","","-9.6","","5.5","","-24.2","","0.2","","9.4","","9.2","","9","","14","I","70","I"
"1995-05","1995","05","1.8","","-3.7","","-0.9","","9.4","","-11.6","","5.2","","25.6","","31.0","","13","","14","I","67","I"
"1995-06","1995","06","8.0","","1.5","","4.8","","14.7","","-2.2","","20.4","","2.8","","23.2","","0","","32","I","74","I"
"1995-07","1995","07","10.6","","3.7","","7.2","","18.0","","0.9","","62.8","","0.0","","62.8","","0","","32","I","59","I"
"1995-08","1995","08","11.9","","3.9","","8.0","","16.8","","1.1","","76.2","","0.0","","76.2","","0","","31","I","85","I"
"1995-09","1995","09","4.1","","-0.6","","1.8","","8.8","","-7.9","","45.6","","15.6","","60.8","","6","","13","I","59","I"
"1995-10","1995","10","-0.9","","-6.1","","-3.5","","3.5","","-15.2","","1.4","","9.6","","10.6","","1","","6","I","109","I"
"1995-11","1995","11","-2.9","","-8.5","","-5.7","","2.6","","-24.0","","4.8","","48.0","","52.6","","13","","5","I","104","I"
"1995-12","1995","12","-18.0","","-25.5","","-21.8","","-3.8","","-37.1","","0.0","T","5.6","","4.2","","16","","32","I","76","I"
"1996-01","1996","01","-22.3","","-31.1","","-26.7","","-8.9","","-36.7","","0.0","","36.8","","36.8","","41","","32","I","100","I"
"1996-02","1996","02","-18.6","","-26.9","","-22.8","","-3.7","","-39.4","","0.0","","32.6","","32.2","","53","","6","","113",""
"1996-03","1996","03","-18.1","","-28.2","","-23.2","","-3.8","","-38.2","","0.0","","32.8","","31.2","","63","","33","","102",""
"1996-04","1996","04","-4.8","","-12.6","","-8.7","","1.9","","-26.2","","0.0","T","53.0","","49.2","","49","","13","","69",""
"1996-05","1996","05","-1.0","","-6.7","","-3.8","","3.1","","-18.0","","0.0","T","30.6","","30.0","","30","","6","","72",""
"1996-06","1996","06","5.6","","-1.3","","2.2","","14.8","","-4.2","","29.6","","5.6","","35.2","","0","","32","S","50","S"
"1996-07","1996","07","13.3","","4.4","","8.9","","20.3","","1.3","","12.4","","0.0","","12.4","","0","","28","","65",""
"1996-08","1996","08","9.6","","2.7","","6.2","","15.7","","-2.5","","88.4","","0.8","","89.2","","0","","12","","54",""
"1996-09","1996","09","5.7","","-0.1","","2.8","","9.5","","-2.9","","15.4","","2.0","","17.4","","0","","14","I","59","I"
"1996-10","1996","10","","","","","","","","","","","","","","","","","","",,"",,""
"1996-11","1996","11","-7.5","","-16.0","","-11.8","","-0.1","","-26.3","","0.0","","27.8","","27.8","","24","","32","","89",""
"1996-12","1996","12","-11.4","","-20.3","","-15.9","","0.3","","-33.9","","0.0","","25.0","","25.0","","25","","32","","89",""
"1997-01","1997","01","-20.9","","-29.2","","-25.1","","-3.3","","-39.9","","0.0","","33.4","","33.2","","40","","33","","113",""
"1997-02","1997","02","-27.1","","-35.1","","-31.1","","-12.2","","-41.0","","0.0","","7.6","","7.6","","41","","33","","91",""
"1997-03","1997","03","-16.5","","-25.8","","-21.2","","-0.1","","-44.0","","0.0","","16.2","","16.2","","32","","6","","78",""
"1997-04","1997","04","","","","","","","","","","","","","","","","","","",,"",,""
"1997-05","1997","05","","","","","","","","","","","","","","","","","","",,"",,""
"1997-06","1997","06","","","","","","","","","","","","","","","","","","",,"",,""
"1997-07","1997","07","","","","","","","","","","","","","","","","","","",,"",,""
"1997-08","1997","08","","","","","","","","","","","","","","","","","","",,"",,""
"1997-09","1997","09","","","","","","","","","","","","","","","","","","",,"",,""
"1997-10","1997","10","","","","","","","","","","","","","","","","","","",,"",,""
"1997-11","1997","11","","","","","","","","","","","","","","","","","","",,"",,""
"1997-12","1997","12","","","","","","","","","","","","","","","","","","",,"",,""
"1998-01","1998","01","","","","","","","","","","","","","","","","","","",,"",,""
"1998-02","1998","02","","","","","","","","","","","","","","","","","","",,"",,""
"1998-03","1998","03","","","","","","","","","","","","","","","","","","",,"",,""
"1998-04","1998","04","","","","","","","","","","","","","","","","","","",,"",,""
"1998-05","1998","05","","","","","","","","","","","","","","","","","","",,"",,""
"1998-06","1998","06","","","","","","","","","","","","","","","","","","",,"",,""
"1998-07","1998","07","","","","","","","","","","","","","","","","","","",,"",,""
"1998-08","1998","08","","","","","","","","","","","","","","","","","","",,"",,""
"1998-09","1998","09","","","","","","","","","","","","","","","","","","",,"",,""
"1998-10","1998","10","","","","","","","","","","","","","","","","","","",,"",,""
"1998-11","1998","11","","","","","","","","","","","","","","","","","","",,"",,""
"1998-12","1998","12","","","","","","","","","","","","","","","","","","",,"",,""
"1999-01","1999","01","","","","","","","","","","","","","","","","","","",,"",,""
"1999-02","1999","02","","","","","","","","","","","","","","","","","","",,"",,""
"1999-03","1999","03","","","","","","","","","","","","","","","","","","",,"",,""
"1999-04","1999","04","","","","","","","","","","","","","","","","","","",,"",,""
"1999-05","1999","05","","","","","","","","","","","","","","","","","","",,"",,""
"1999-06","1999","06","","","","","","","","","","","","","","","","","","",,"",,""
"1999-07","1999","07","","","","","","","","","","","","","","","","","","",,"",,""
"1999-08","1999","08","","","","","","","","","","","","","","","","","","",,"",,""
"1999-09","1999","09","","","","","","","","","","","","","","","","","","",,"",,""
"1999-10","1999","10","","","","","","","","","","","","","","","","","","",,"",,""
"1999-11","1999","11","","","","","","","","","","","","","","","","","","",,"",,""
"1999-12","1999","12","","","","","","","","","","","","","","","","","","",,"",,""
"2000-01","2000","01","-23.3","","-31.5","","-27.4","","-10.1","","-38.5","","","","","","21.0","","","",,"",,""
"2000-02","2000","02","-24.3","","-32.9","","-28.6","","-12.9","","-42.7","","","","","","14.5","","","",,"",,""
"2000-03","2000","03","-15.8","","-26.5","","-21.2","","-3.0","","-37.0","","","","","","23.5","","","",,"",,""
"2000-04","2000","04","-7.7","","-17.0","","-12.4","","-0.5","","-25.6","","","","","","31.0","","","",,"",,""
"2000-05","2000","05","-2.5","","-9.2","","-5.9","","6.0","","-19.2","","","","","","7.5","","","",,"",,""
"2000-06","2000","06","5.1","","-0.2","","2.4","","11.2","","-3.4","","","","","","142.0","","0","",,"",,""
"2000-07","2000","07","13.8","","4.2","","9.0","","22.8","","1.3","S","","","","","46.5","","0","",,"",,""
"2000-08","2000","08","12.5","","4.9","","8.7","","23.0","","2.1","","","","","","104.0","","0","",,"",,""
"2000-09","2000","09","5.5","","0.6","","3.1","","11.4","","-6.5","","","","","","58.5","","","M",,"",,""
"2000-10","2000","10","-2.4","","-7.3","","-4.9","","1.3","","-15.6","","0.0","","32.0","","32.0","","","",,"",,""
"2000-11","2000","11","-5.4","","-13.0","","-9.2","","1.9","","-24.7","","5.0","","20.5","","25.5","","","",,"",,""
"2000-12","2000","12","-8.7","","-17.0","","-12.9","","3.2","","-31.2","","0.0","","24.5","","24.5","","","",,"",,""
"2001-01","2001","01","-24.7","","-33.0","","-28.9","","-11.8","","-39.1","","","","","","9.0","","","",,"",,""
"2001-02","2001","02","-23.3","","-32.5","","-27.9","","-5.8","","-39.1","","","","","","12.0","","","",,"",,""
"2001-03","2001","03","-12.3","","-21.6","","-17.0","","0.0","","-34.3","","","","","","9.0","","","",,"",,""
"2001-04","2001","04","-7.7","","-18.2","","-12.9","","-1.3","","-23.9","","0.0","","45.5","","45.5","","","",,"",,""
"2001-05","2001","05","0.6","","-7.1","","-3.2","","6.5","","-18.7","","","","","","23.0","","0","",,"",,""
"2001-06","2001","06","6.3","","0.8","","3.6","","11.0","S","-2.8","","","","","","49.5","","0","",,"",,""
"2001-07","2001","07","14.8","","4.9","","9.9","","25.8","","0.9","","","","","","10.0","","0","",,"",,""
"2001-08","2001","08","9.7","","4.2","","7.0","","17.9","","1.1","S","","","","","105.0","","0","",,"",,""
"2001-09","2001","09","5.8","","0.4","","3.1","","11.5","","-3.7","","","","","","50.5","","1","",,"",,""
"2001-10","2001","10","0.1","","-3.7","","-1.8","","5.4","","-12.4","","37.5","","2.5","","40.0","","","",,"",,""
"2001-11","2001","11","-9.0","","-16.9","","-13.0","","1.2","","-31.3","","0.0","","10.0","","10.0","","","",,"",,""
"2001-12","2001","12","-11.1","","-19.7","","-15.4","","3.4","","-30.9","","0.0","","11.0","","11.0","","","",,"",,""
"2002-01","2002","01","-25.2","","-32.1","","-28.7","","-6.6","","-40.6","","0.0","","14.5","","14.5","","","",,"",,""
"2002-02","2002","02","-26.0","","-33.8","","-29.9","","-14.3","","-41.6","S","0.0","","28.5","","28.5","","","",,"",,""
"2002-03","2002","03","-20.5","","-31.2","","-25.9","","-5.1","","-38.1","","0.0","","26.5","","26.5","","","",,"",,""
"2002-04","2002","04","-10.6","","-19.9","","-15.3","","-0.5","","-31.2","","0.0","","24.0","","24.0","","","",,"",,""
"2002-05","2002","05","-1.3","","-7.0","","-4.2","","3.0","","-11.5","","0.0","","13.5","","13.5","","","",,"",,""
"2002-06","2002","06","7.6","","0.5","","4.1","","14.5","","-1.7","","","","","","56.0","","0","",,"",,""
"2002-07","2002","07","13.0","","4.3","","8.7","","20.3","","2.4","","","","","","36.5","","0","",,"",,""
"2002-08","2002","08","11.6","","3.4","","7.5","","17.4","","-0.8","","","","","","35.5","","0","",,"",,""
"2002-09","2002","09","5.5","","0.5","","3.0","","10.0","","-3.9","","","","","","84.0","","0","",,"",,""
"2002-10","2002","10","0.8","","-4.1","","-1.6","","5.9","","-16.5","","","","","","53.5","","","",,"",,""
"2002-11","2002","11","-7.7","","-14.2","","-11.0","","0.7","","-28.2","","","","","","21.5","","","",,"",,""
"2002-12","2002","12","-13.6","","-21.7","","-17.6","","-5.3","S","-35.1","","","","","","31.5","","","",,"",,""
"2003-01","2003","01","-16.9","","-25.2","","-21.1","","-1.0","","-34.2","","","","","","20.5","","","",,"",,""
"2003-02","2003","02","-27.2","","-34.4","","-30.8","","-18.7","","-41.1","","","","","","3.0","","","",,"",,""
"2003-03","2003","03","-19.9","","-27.5","","-23.8","","-5.9","","-34.6","S","","","","","19.0","","","",,"",,""
"2003-04","2003","04","-9.5","","-17.3","","-13.4","","2.9","","-32.5","","","","","","19.0","","","",,"",,""
"2003-05","2003","05","1.7","","-3.4","","-0.8","","7.6","","-10.8","","","","","","26.0","","0","",,"",,""
"2003-06","2003","06","5.8","","1.1","","3.5","","12.3","","-0.6","","","","","","72.0","","0","",,"",,""
"2003-07","2003","07","13.1","","4.8","","9.0","","26.1","","2.2","","","","","","15.5","","0","",,"",,""
"2003-08","2003","08","11.6","","4.0","","7.8","","21.4","","0.1","","","","","","84.5","","0","",,"",,""
"2003-09","2003","09","6.9","","2.2","","4.6","","10.8","","-0.6","","","","","","86.0","","0","",,"",,""
"2003-10","2003","10","1.1","","-3.7","","-1.3","","6.6","","-14.9","","","","","","25.5","","","",,"",,""
"2003-11","2003","11","-5.2","","-12.1","","-8.7","","0.5","","-18.6","","","","","","20.5","","","",,"",,""
"2003-12","2003","12","-11.8","","-21.3","","-16.6","","0.5","","-29.6","","","","","","19.5","","","",,"",,""
"2004-01","2004","01","-21.5","","-29.5","","-25.6","","-6.2","","-36.8","","","","","","7.5","","","",,"",,""
"2004-02","2004","02","-19.0","","-27.3","","-23.2","","-8.6","","-34.7","S","","","","","14.0","","","",,"",,""
"2004-03","2004","03","-21.1","","-31.7","","-26.5","","-8.9","","-40.9","","","","","","17.5","","","",,"",,""
"2004-04","2004","04","-9.7","","-20.0","","-14.9","","-0.3","","-29.5","","","","","","23.0","","","",,"",,""
"2004-05","2004","05","0.7","","-4.4","","-1.9","","7.1","","-12.1","","","","","","28.5","","0","",,"",,""
"2004-06","2004","06","7.3","","0.4","","3.8","","13.5","","-2.8","","","","","","9.0","","0","",,"",,""
"2004-07","2004","07","12.5","","4.2","","8.4","","22.6","","1.5","S","","","","","45.5","","0","",,"",,""
"2004-08","2004","08","9.3","","3.4","","6.4","","14.8","","-1.4","","","","","","73.0","","0","",,"",,""
"2004-09","2004","09","5.4","","-0.2","","2.6","","11.5","","-3.8","","","","","","41.0","","","",,"",,""
"2004-10","2004","10","1.2","","-3.3","","-1.1","","5.5","","-9.8","","","","","","69.0","","","",,"",,""
"2004-11","2004","11","-5.8","","-15.1","","-10.4","","-0.1","S","-25.4","","","","","","17.5","","","",,"",,""
"2004-12","2004","12","-19.5","","-28.8","","-24.2","","-6.8","","-38.7","","","","","","10.5","","","",,"",,""
"2005-01","2005","01","-27.3","","-34.8","","-31.1","","-13.9","","-41.2","","","","","","14.0","","","",,"",,""
"2005-02","2005","02","-17.4","","-27.9","","-22.6","","-0.8","","-36.9","","","","","","42.0","","","",,"",,""
"2005-03","2005","03","-11.3","","-22.7","","-17.0","","4.0","","-36.0","","","","","","27.0","","","",,"",,""
"2005-04","2005","04","-5.9","","-14.1","","-10.0","","-0.1","","-23.8","","","","","","39.5","","","",,"",,""
"2005-05","2005","05","0.2","","-5.2","","-2.5","","8.6","","-14.6","","","","","","46.5","","","",,"",,""
"2005-06","2005","06","7.2","","1.2","","4.2","","10.8","","-2.8","","","","","","78.0","","0","",,"",,""
"2005-07","2005","07","11.3","","4.0","","7.7","","21.8","","-0.9","","","","","","56.0","","0","",,"",,""
"2005-08","2005","08","10.5","","3.7","","7.1","","14.7","S","0.5","","","","","","44.0","","0","",,"",,""
"2005-09","2005","09","6.2","","0.5","","3.4","","14.3","","-3.5","","","","","","19.5","","0","",,"",,""
"2005-10","2005","10","1.5","","-3.2","","-0.8","","6.5","","-10.8","","","","","","49.5","","","",,"",,""
"2005-11","2005","11","-4.2","","-11.1","","-7.7","","4.7","","-19.2","","","","","","27.5","","","",,"",,""
"2005-12","2005","12","-17.7","","-24.3","","-21.0","","-2.0","","-31.9","","","","","","17.5","","","",,"",,""
"2006-01","2006","01","-22.3","","-30.4","","-26.4","","-10.3","","-36.3","","","","","","29.5","","","",,"",,""
"2006-02","2006","02","-17.1","","-25.4","","-21.3","","5.7","","-33.3","","","","","","17.5","","","",,"",,""
"2006-03","2006","03","-13.0","","-21.3","","-17.2","","2.1","","-30.7","","","","","","11.0","","","",,"",,""
"2006-04","2006","04","-6.3","","-16.3","","-11.3","","3.0","","-30.2","","","","","","51.0","","","",,"",,""
"2006-05","2006","05","1.8","","-2.9","","-0.6","","8.1","","-13.0","","","","","","35.0","","","",,"",,""
"2006-06","2006","06","7.7","","1.3","","4.5","","17.4","","-2.1","","","","","","43.5","","0","",,"",,""
"2006-07","2006","07","13.6","","5.2","","9.4","","22.5","","2.3","","","","","","22.5","","0","",,"",,""
"2006-08","2006","08","12.1","","4.6","","8.3","","17.8","","2.1","","","","","","16.0","","0","",,"",,""
"2006-09","2006","09","6.5","","1.3","","3.9","","12.7","","-2.6","S","","","","","57.5","","0","",,"",,""
"2006-10","2006","10","2.1","","-3.3","","-0.6","","6.9","","-9.3","","","","","","49.0","","","",,"",,""
"2006-11","2006","11","-5.6","E","-13.1","","-9.2","E","0.4","E","-23.9","S","","","","","15.5","","","",,"",,""
"2006-12","2006","12","-14.6","","-23.6","","-19.1","","-0.9","","-35.4","","","","","","9.5","","","",,"",,""
"2007-01","2007","01","-20.8","","-27.9","","-24.4","","-7.0","","-36.8","","","","","","14.0","","","",,"",,""
"2007-02","2007","02","-15.4","","-22.1","","-18.8","","-4.3","","-34.7","","","","","","8.6","","","",,"",,""
"2007-03","2007","03","-18.4","","-27.5","","-23.0","","-2.1","","-35.7","","","","","","9.0","E","","",,"",,""
"2007-04","2007","04","-9.4","","-18.8","","-14.1","","-0.2","","-31.7","","","","","","17.5","","","",,"",,""
"2007-05","2007","05","-2.7","","-9.0","","-5.9","","5.1","","-17.0","","","","","","3.5","","","",,"",,""
"2007-06","2007","06","6.0","","0.3","","3.2","","11.9","","-6.7","","","","","","69.5","","0","",,"",,""
"2007-07","2007","07","9.8","E","3.4","","6.6","E","19.8","E","2.1","S","","","","","34.0","","0","",,"",,""
"2007-08","2007","08","11.6","","4.7","","8.2","","17.5","","2.6","","","","","","7.0","","0","",,"",,""
"2007-09","2007","09","5.4","","-0.6","","2.4","","13.2","","-6.0","","","","","","0.0","","","M",,"",,""
