"1942-01","1942","01","","M","","M","","M","","M","","M","","M","","M","","M","","",,"",,""
"1942-02","1942","02","","M","","M","","M","","M","","M","","M","","M","","M","","",,"",,""
"1942-03","1942","03","","M","","M","","M","","M","","M","","M","","M","","M","","",,"",,""
"1942-04","1942","04","6.6","","-4.6","","1.0","","10.6","","-15.6","","0.0","","3.0","","3.0","","","",,"",,""
"1942-05","1942","05","16.8","","2.2","","9.5","","25.6","","-5.0","","0.8","","12.2","","13.0","","","",,"",,""
"1942-06","1942","06","18.4","","6.4","","12.4","","26.1","S","-1.7","","40.1","","0.0","","40.1","","","",,"",,""
"1942-07","1942","07","19.2","","7.5","","13.4","","27.8","","0.0","","56.9","","0.0","","56.9","","","",,"",,""
"1942-08","1942","08","19.1","","7.9","","13.5","","28.3","S","-0.6","","19.1","","0.0","","19.1","","","",,"",,""
"1942-09","1942","09","15.8","","4.2","","10.0","","26.7","","-6.7","","32.5","","0.3","","32.8","","","",,"",,""
"1942-10","1942","10","6.3","","0.3","","3.3","","15.0","","-9.4","","4.8","","5.8","","10.7","","","",,"",,""
"1942-11","1942","11","-10.6","","-18.7","","-14.7","","2.2","","-32.8","","0.0","","27.9","","27.9","","","",,"",,""
"1942-12","1942","12","-20.3","","-27.9","","-24.1","","-3.9","","-47.8","","0.0","","15.5","","15.5","","","",,"",,""
"1943-01","1943","01","-17.1","","-25.6","","-21.4","","4.4","","-47.2","","0.0","","3.6","","3.6","","","",,"",,""
"1943-02","1943","02","-6.1","","-17.4","","-11.8","","10.0","","-49.4","","0.0","T","9.1","","9.1","","","",,"",,""
"1943-03","1943","03","-4.3","","-15.7","","-10.0","","1.1","S","-31.1","","0.0","","19.6","","19.6","","","",,"",,""
"1943-04","1943","04","7.3","","-4.3","","1.5","","15.0","","-21.1","","1.8","","1.8","","3.6","","","",,"",,""
"1943-05","1943","05","12.4","","0.7","","6.6","","17.8","S","-5.0","","26.7","","0.5","","27.2","","","",,"",,""
"1943-06","1943","06","18.6","","6.0","","12.3","","25.6","","-0.6","","65.5","","0.0","","65.5","","","",,"",,""
"1943-07","1943","07","19.6","","6.9","","13.3","","25.6","","1.7","","33.8","","0.0","","33.8","","","",,"",,""
"1943-08","1943","08","17.1","","6.4","","11.8","","26.1","","0.6","","41.4","","0.0","","41.4","","","",,"",,""
"1943-09","1943","09","13.4","","3.4","","8.4","","22.2","","-3.3","","16.8","","0.0","T","16.8","","","",,"",,""
"1943-10","1943","10","5.2","","-3.3","","1.0","","12.2","","-12.2","","15.5","","12.7","","28.2","","","",,"",,""
"1943-11","1943","11","0.4","","-6.7","","-3.2","","5.6","","-16.7","","3.6","","16.0","","19.6","","","",,"",,""
"1943-12","1943","12","-0.1","","-7.7","","-3.9","","6.7","","-22.2","","2.3","","20.1","","22.4","","","",,"",,""
"1944-01","1944","01","-4.9","","-11.7","","-8.3","","2.2","S","-27.8","","0.0","","16.8","","16.8","","","",,"",,""
"1944-02","1944","02","-4.7","","-14.3","","-9.5","","6.1","","-35.0","","0.0","","9.7","","9.7","","","",,"",,""
"1944-03","1944","03","-1.8","","-10.5","","-6.2","","8.9","","-27.8","","0.8","","22.4","","23.1","","","",,"",,""
"1944-04","1944","04","6.1","","-5.2","","0.5","","12.8","","-25.6","","0.8","","4.3","","5.1","","","",,"",,""
"1944-05","1944","05","13.6","","1.3","","7.5","","19.4","","-4.4","S","7.9","","0.0","T","7.9","","","",,"",,""
"1944-06","1944","06","19.5","","7.2","","13.4","","27.8","","-1.1","","26.9","","0.0","","26.9","","","",,"",,""
"1944-07","1944","07","20.8","","8.2","","14.5","","26.1","","2.8","","50.3","","0.0","","50.3","","","",,"",,""
"1944-08","1944","08","17.6","","7.1","","12.4","","25.0","","0.0","","55.4","","0.0","","55.4","","","",,"",,""
"1944-09","1944","09","12.7","","4.8","","8.8","","21.7","","-3.9","","42.2","","0.5","","42.7","","","",,"",,""
"1944-10","1944","10","5.8","","-0.1","","2.9","","12.8","","-14.4","","19.8","","20.8","","40.6","","","",,"",,""
"1944-11","1944","11","-4.4","","-10.1","","-7.3","","5.6","","-30.0","","0.0","T","51.6","","51.6","","","",,"",,""
"1944-12","1944","12","-7.3","","-14.1","","-10.7","","8.3","S","-38.9","","0.3","","16.0","","16.3","","","",,"",,""
"1945-01","1945","01","-7.2","","-14.1","","-10.7","","3.3","","-30.0","","0.0","","12.2","","12.2","","","",,"",,""
"1945-02","1945","02","-6.1","","-14.2","","-10.2","","6.1","S","-40.0","","0.0","","11.7","","11.7","","","",,"",,""
"1945-03","1945","03","0.1","","-8.7","","-4.3","","4.4","S","-20.6","","0.0","","20.1","","20.1","","","",,"",,""
"1945-04","1945","04","1.8","","-7.8","","-3.0","","8.3","","-22.8","","0.3","","21.6","","21.8","","","",,"",,""
"1945-05","1945","05","14.8","","0.4","","7.6","","26.1","","-6.1","S","3.0","","0.3","","3.3","","","",,"",,""
"1945-06","1945","06","16.4","","4.4","","10.4","","20.6","","-0.6","","28.4","","0.0","","28.4","","","",,"",,""
"1945-07","1945","07","17.2","","6.9","","12.1","","23.9","","1.1","","36.8","","0.0","","36.8","","","",,"",,""
"1945-08","1945","08","19.1","","6.3","","12.7","","26.7","","-1.7","","1.3","","0.0","","1.3","","","",,"",,""
"1945-09","1945","09","10.3","","2.4","","6.4","","17.2","","-6.7","","36.6","","3.0","","39.6","","","",,"",,""
"1945-10","1945","10","5.1","","-1.4","","1.9","","13.9","","-14.4","","13.5","","9.7","","23.1","","","",,"",,""
"1945-11","1945","11","-11.8","","-18.8","","-15.3","","1.7","S","-36.1","","0.0","","25.1","","25.1","","","",,"",,""
"1945-12","1945","12","-9.8","","-18.9","","-14.4","","0.0","S","-31.7","","0.0","","17.0","","17.0","","","",,"",,""
"1946-01","1946","01","-9.5","","-18.6","","-14.1","","0.6","","-27.2","S","0.0","","19.6","","19.6","","","",,"",,""
"1946-02","1946","02","-6.3","","-13.9","","-10.1","","3.3","","-27.8","","0.0","T","4.6","","4.6","","","",,"",,""
"1946-03","1946","03","-0.4","","-10.5","","-5.5","","4.4","","-21.1","","0.0","","5.6","","5.6","","","",,"",,""
"1946-04","1946","04","4.8","","-4.3","","0.3","","8.9","","-19.4","","0.0","T","9.9","","9.9","","","",,"",,""
"1946-05","1946","05","16.1","","2.5","","9.3","","21.7","","-3.9","","12.4","","0.3","","12.7","","","",,"",,""
"1946-06","1946","06","22.7","","8.5","","15.6","","27.8","","3.3","","10.7","","0.0","","10.7","","","",,"",,""
"1946-07","1946","07","18.7","","8.1","","13.4","","26.7","","3.3","","72.1","","0.0","","72.1","","","",,"",,""
"1946-08","1946","08","16.9","","6.2","","11.6","","26.7","","0.6","","42.4","","0.0","","42.4","","","",,"",,""
"1946-09","1946","09","12.2","","2.3","","7.3","","22.2","","-9.4","","24.9","","16.3","","41.1","","","",,"",,""
"1946-10","1946","10","4.5","","-2.7","","0.9","","10.6","","-12.2","","6.9","","10.9","","17.8","","","",,"",,""
"1946-11","1946","11","-8.0","","-14.4","","-11.2","","8.3","","-28.9","","0.5","","6.4","","6.9","","","",,"",,""
"1946-12","1946","12","-18.4","","-27.4","","-22.9","","5.0","","-42.8","","0.0","","39.6","","39.6","","","",,"",,""
"1947-01","1947","01","-17.9","","-27.4","","-22.7","","6.1","","-52.2","","0.0","","13.0","","13.0","","36","",,"",,""
"1947-02","1947","02","-11.1","","-21.6","","-16.4","","5.0","","-50.6","","0.0","","7.1","","7.1","","33","",,"",,""
"1947-03","1947","03","2.5","","-5.9","","-1.7","","9.4","S","-17.2","S","0.3","","2.8","","3.0","","0","",,"",,""
"1947-04","1947","04","5.1","","-4.2","","0.5","","11.1","S","-18.3","","1.8","","16.3","","18.0","","0","",,"",,""
"1947-05","1947","05","14.3","","2.0","","8.2","","30.0","","-6.7","","8.9","","0.5","","9.4","","0","",,"",,""
"1947-06","1947","06","18.0","","5.1","","11.6","","25.6","","0.0","","14.2","","0.0","","14.2","","0","",,"",,""
"1947-07","1947","07","22.1","","8.2","","15.2","","29.4","","1.1","","27.2","","0.0","","27.2","","0","",,"",,""
"1947-08","1947","08","15.7","","5.7","","10.7","","21.7","","-2.2","","31.5","","0.0","","31.5","","0","",,"",,""
"1947-09","1947","09","12.4","","2.9","","7.7","","19.4","","-3.3","S","17.0","","0.3","","17.3","","0","",,"",,""
"1947-10","1947","10","6.1","","-0.8","","2.7","","13.9","","-8.3","","0.8","","0.8","","1.5","","0","T",,"",,""
"1947-11","1947","11","0.1","","-5.9","","-2.9","","9.4","","-15.6","","1.3","","10.9","","12.2","","0","",,"",,""
"1947-12","1947","12","-4.9","","-11.2","","-8.1","","2.2","","-20.6","","0.0","","15.7","","15.7","","5","",,"",,""
"1948-01","1948","01","-5.7","","-14.3","","-10.0","","6.1","","-28.9","","0.0","","24.6","","24.6","","23","",,"",,""
"1948-02","1948","02","-14.7","","-24.9","","-19.8","","2.8","","-41.7","","0.0","","23.4","","23.4","","36","",,"",,""
"1948-03","1948","03","-6.2","","-17.6","","-11.9","","3.9","","-32.2","","0.0","","36.3","","36.3","","38","",,"",,""
"1948-04","1948","04","0.6","","-10.4","","-4.9","","6.7","","-25.0","","0.0","","30.0","","30.0","","41","",,"",,""
"1948-05","1948","05","13.7","","1.9","","7.8","","22.2","","-7.2","","22.1","","3.0","","25.1","","0","",,"",,""
"1948-06","1948","06","20.8","","6.4","","13.6","","30.0","","0.0","","13.5","","0.0","","13.5","","0","",,"",,""
"1948-07","1948","07","20.7","","8.1","","14.4","","29.4","","1.7","","48.8","","0.0","","48.8","","0","",,"",,""
"1948-08","1948","08","17.8","","5.3","","11.6","","28.9","","-4.4","","70.1","","1.5","","71.6","","0","",,"",,""
"1948-09","1948","09","10.7","","1.8","","6.3","","17.2","","-7.2","","42.4","","0.0","T","42.4","","0","",,"",,""
"1948-10","1948","10","5.8","","-1.7","","2.1","","11.1","","-8.9","S","0.8","","0.3","","1.0","","0","",,"",,""
"1948-11","1948","11","-8.5","","-14.8","","-11.7","","10.6","","-40.6","","0.3","","29.0","","29.2","","25","",,"",,""
"1948-12","1948","12","-18.6","","-28.3","","-23.5","","-2.2","","-45.6","","0.0","","5.6","","5.6","","20","",,"",,""
"1949-01","1949","01","-9.1","","-19.3","","-14.2","","8.3","","-34.4","","0.0","","15.5","","15.5","","10","",,"",,""
"1949-02","1949","02","-16.0","","-25.8","","-20.9","","5.6","","-40.6","","0.0","","9.1","","9.1","","13","",,"",,""
"1949-03","1949","03","1.9","","-9.9","","-4.0","","7.8","","-24.4","","0.0","","2.5","","2.5","","5","",,"",,""
"1949-04","1949","04","6.3","","-2.5","","1.9","","10.6","S","-7.2","","0.0","T","4.6","","4.6","","0","",,"",,""
"1949-05","1949","05","12.8","","0.3","","6.6","","25.0","","-7.2","S","17.3","","0.0","T","17.3","","0","",,"",,""
"1949-06","1949","06","14.9","","3.6","","9.3","","22.8","","-1.1","S","23.1","","0.0","","23.1","","0","",,"",,""
"1949-07","1949","07","18.9","","7.4","","13.2","","27.2","","1.1","","19.8","","0.0","","19.8","","0","",,"",,""
"1949-08","1949","08","17.6","","5.3","","11.5","","26.1","","1.7","S","84.6","","0.0","","84.6","","0","",,"",,""
"1949-09","1949","09","13.8","","3.9","","8.9","","23.9","S","-4.4","","15.5","","0.0","","15.5","","0","",,"",,""
"1949-10","1949","10","3.8","","-3.1","","0.4","","8.9","","-16.7","","4.6","","18.5","","23.1","","0","",,"",,""
"1949-11","1949","11","-0.2","","-5.6","","-2.9","","9.4","","-21.1","","13.7","","17.3","","31.0","","8","",,"",,""
"1949-12","1949","12","-16.1","","-22.0","","-19.1","","1.1","","-45.0","","0.0","","13.0","","13.0","","10","",,"",,""
"1950-01","1950","01","-17.3","","-26.9","","-22.1","","-3.9","","-46.7","","0.0","","39.4","","39.4","","41","",,"",,""
"1950-02","1950","02","-16.5","","-24.5","","-20.5","","-2.2","","-37.8","","0.0","","15.5","","15.5","","28","",,"",,""
"1950-03","1950","03","-0.5","","-13.3","","-6.9","","3.9","S","-26.7","","0.0","","1.5","","1.5","","15","",,"",,""
"1950-04","1950","04","2.2","","-8.2","","-3.0","","10.0","","-24.4","","0.0","T","8.1","","8.1","","5","",,"",,""
"1950-05","1950","05","11.7","","0.6","","6.2","","17.2","","-3.9","","6.9","","0.0","","6.9","","0","",,"",,""
"1950-06","1950","06","22.1","","7.6","","14.9","","31.7","","0.6","","10.2","","0.0","","10.2","","0","",,"",,""
"1950-07","1950","07","18.5","","7.3","","12.9","","26.1","","2.8","","40.9","","0.0","","40.9","","0","",,"",,""
"1950-08","1950","08","19.5","","6.1","","12.8","","27.2","","-0.6","S","22.9","","0.0","","22.9","","0","",,"",,""
"1950-09","1950","09","14.2","","3.0","","8.6","","21.7","","-5.0","","14.0","","0.0","","14.0","","0","",,"",,""
"1950-10","1950","10","2.9","","-6.2","","-1.7","","13.3","","-18.3","","0.8","","1.8","","2.5","","0","T",,"",,""
"1950-11","1950","11","-13.7","","-20.9","","-17.3","","3.9","","-35.6","S","0.0","T","26.9","","26.9","","13","",,"",,""
"1950-12","1950","12","-10.9","","-18.7","","-14.8","","-1.7","","-29.4","","0.0","","37.3","","37.3","","30","",,"",,""
"1951-01","1951","01","-19.2","","-27.1","","-23.2","","1.7","","-43.9","","0.0","","11.4","","11.4","","28","",,"",,""
"1951-02","1951","02","-13.4","","-23.8","","-18.6","","3.3","","-43.9","","0.0","","8.4","","8.4","","25","",,"",,""
"1951-03","1951","03","-6.6","","-18.9","","-12.8","","7.8","","-37.8","","0.0","T","17.8","","17.8","","13","",,"",,""
"1951-04","1951","04","6.3","","-2.8","","1.8","","11.1","","-9.4","","0.0","T","4.1","","4.1","","0","",,"",,""
"1951-05","1951","05","14.1","","1.4","","7.8","","19.4","S","-6.1","","16.0","","0.0","","16.0","","0","",,"",,""
"1951-06","1951","06","17.7","","5.9","","11.8","","27.2","","0.0","","26.4","","0.0","","26.4","","0","",,"",,""
"1951-07","1951","07","23.7","","9.3","","16.5","","32.8","","5.0","","9.7","","0.0","","9.7","","0","",,"",,""
"1951-08","1951","08","20.3","","7.2","","13.8","","27.2","","2.8","","17.0","","0.0","","17.0","","0","",,"",,""
"1951-09","1951","09","15.3","","5.2","","10.3","","23.9","S","-6.7","","7.6","","1.5","","9.1","","0","",,"",,""
"1951-10","1951","10","1.0","","-7.8","","-3.4","","11.7","","-20.0","","13.7","","4.3","","18.0","","0","",,"",,""
"1951-11","1951","11","-6.1","","-12.8","","-9.5","","6.7","","-32.8","","0.0","","28.7","","28.7","","18","",,"",,""
"1951-12","1951","12","-15.3","","-24.9","","-20.1","","2.8","","-43.3","","0.0","","17.8","","17.8","","25","",,"",,""
"1952-01","1952","01","-22.3","","-30.7","","-26.5","","2.8","","-46.7","S","0.0","","39.9","","39.9","","48","",,"",,""
"1952-02","1952","02","-6.6","","-15.8","","-11.2","","2.2","S","-32.2","","0.0","","17.3","","17.3","","36","",,"",,""
"1952-03","1952","03","-2.6","","-12.9","","-7.8","","6.7","","-25.0","","0.0","","21.6","","21.6","","15","",,"",,""
"1952-04","1952","04","4.2","","-5.7","","-0.8","","8.3","","-25.6","","4.1","","33.8","","37.8","","0","",,"",,""
"1952-05","1952","05","10.6","","1.0","","5.8","","16.1","S","-6.1","","3.3","","8.6","","11.9","","0","",,"",,""
"1952-06","1952","06","17.8","","5.3","","11.6","","23.9","","0.0","S","33.5","","0.0","","33.5","","0","",,"",,""
"1952-07","1952","07","21.1","","8.1","","14.6","","28.3","","2.2","","30.0","","0.0","","30.0","","0","",,"",,""
"1952-08","1952","08","17.9","","7.3","","12.6","","27.8","","1.1","","38.6","","0.0","","38.6","","0","",,"",,""
"1952-09","1952","09","10.9","","3.4","","7.2","","19.4","","-8.9","","26.2","","9.9","","36.1","","0","",,"",,""
"1952-10","1952","10","7.2","","-0.1","","3.6","","13.9","","-13.3","","11.2","","15.5","","26.7","","0","",,"",,""
"1952-11","1952","11","1.7","","-3.5","","-0.9","","9.4","","-14.4","","4.1","","7.9","","11.9","","3","",,"",,""
"1952-12","1952","12","-6.1","","-12.1","","-9.1","","2.8","","-21.1","","0.3","","18.3","","18.5","","5","",,"",,""
"1953-01","1953","01","-21.7","","-29.2","","-25.5","","0.0","","-45.0","","0.0","T","9.4","","9.4","","8","",,"",,""
"1953-02","1953","02","-2.8","","-11.9","","-7.4","","3.9","S","-28.3","","0.0","","3.3","","3.3","","5","",,"",,""
"1953-03","1953","03","-2.6","","-14.8","","-8.7","","3.9","","-32.2","","0.0","","16.5","","16.5","","5","",,"",,""
"1953-04","1953","04","7.3","","-2.6","","2.4","","14.4","","-8.9","","1.8","","4.1","","5.8","","0","",,"",,""
"1953-05","1953","05","15.8","","3.1","","9.5","","22.8","","-3.9","","13.2","","0.0","T","13.2","","0","",,"",,""
"1953-06","1953","06","20.0","","6.9","","13.5","","25.6","","0.6","","91.9","","0.0","","91.9","","0","",,"",,""
"1953-07","1953","07","20.7","","8.9","","14.8","","27.8","","4.4","S","48.0","","0.0","","48.0","","0","",,"",,""
"1953-08","1953","08","17.7","","7.6","","12.7","","30.0","","2.8","","64.5","","0.0","","64.5","","0","",,"",,""
"1953-09","1953","09","11.6","","2.2","","6.9","","18.3","","-3.3","","11.2","","0.0","T","11.2","","0","",,"",,""
"1953-10","1953","10","4.1","","-2.6","","0.8","","13.9","","-13.3","","7.6","","29.0","","36.6","","5","",,"",,""
"1953-11","1953","11","-6.0","","-12.7","","-9.4","","1.7","","-28.9","","0.0","","17.3","","17.3","","10","",,"",,""
"1953-12","1953","12","-6.3","","-13.2","","-9.8","","3.3","","-25.0","","0.0","T","21.1","","21.1","","23","",,"",,""
"1954-01","1954","01","-15.8","","-24.7","","-20.3","","0.6","","-41.1","","0.0","","13.2","","13.2","","30","",,"",,""
"1954-02","1954","02","-10.9","","-20.8","","-15.9","","6.7","","-40.0","","0.3","","5.3","","5.6","","13","",,"",,""
"1954-03","1954","03","-0.1","","-12.4","","-6.3","","10.6","","-27.8","","0.0","","17.3","","17.3","","5","",,"",,""
"1954-04","1954","04","0.7","","-10.5","","-4.9","","6.7","","-26.1","","0.0","","8.1","","8.1","","0","T",,"",,""
"1954-05","1954","05","13.8","","0.9","","7.4","","21.7","","-4.4","","17.3","","0.3","","17.5","","0","",,"",,""
"1954-06","1954","06","19.8","","6.1","","13.0","","27.2","","0.0","","16.5","","0.0","","16.5","","0","",,"",,""
"1954-07","1954","07","18.7","","7.5","","13.1","","25.0","","1.7","","32.3","","0.0","","32.3","","0","",,"",,""
"1954-08","1954","08","20.5","","7.3","","13.9","","26.7","","-0.6","","16.0","","0.0","","16.0","","0","",,"",,""
"1954-09","1954","09","13.3","","2.3","","7.8","","21.7","","-5.6","","32.3","","2.0","","34.3","","0","",,"",,""
"1954-10","1954","10","6.8","","-1.6","","2.6","","11.1","","-10.6","","9.9","","3.3","","13.2","","0","",,"",,""
"1954-11","1954","11","-0.5","","-6.1","","-3.3","","9.4","","-26.7","","1.3","","33.8","","35.1","","18","",,"",,""
"1954-12","1954","12","-12.4","","-19.2","","-15.8","","5.0","","-42.2","","0.5","","19.8","","20.3","","5","",,"",,""
"1955-01","1955","01","-6.4","","-13.9","","-10.2","","2.8","","-41.1","","0.0","","14.0","","14.0","","13","",,"",,""
"1955-02","1955","02","-7.6","","-17.8","","-12.7","","6.1","","-35.0","","0.0","","19.1","","19.1","","13","",,"",,""
"1955-03","1955","03","-3.8","","-16.1","","-10.0","","6.1","","-38.3","","0.0","","19.1","","19.1","","5","",,"",,""
"1955-04","1955","04","4.4","","-5.8","","-0.7","","9.4","","-13.9","","0.0","","0.5","","0.5","","0","T",,"",,""
"1955-05","1955","05","10.3","","-0.7","","4.8","","16.7","","-4.4","S","0.5","","2.0","","2.5","","0","",,"",,""
"1955-06","1955","06","17.2","","4.5","","10.9","","26.7","S","-1.7","S","9.9","","0.8","","10.7","","0","",,"",,""
"1955-07","1955","07","22.3","","9.3","","15.8","","28.3","","3.9","S","33.5","","0.0","","33.5","","0","",,"",,""
"1955-08","1955","08","16.2","","5.8","","11.0","","21.7","","-0.6","","27.9","","0.0","","27.9","","0","",,"",,""
"1955-09","1955","09","11.9","","2.3","","7.1","","19.4","","-7.8","","9.7","","2.0","","11.7","","0","",,"",,""
"1955-10","1955","10","2.7","","-4.2","","-0.8","","10.0","","-13.9","","1.0","","5.6","","6.6","","0","T",,"",,""
"1955-11","1955","11","-14.8","","-22.4","","-18.6","","6.7","","-38.9","","0.0","","25.9","","25.9","","10","",,"",,""
"1955-12","1955","12","-18.5","","-27.2","","-22.9","","4.4","","-45.6","","0.0","","16.8","","16.8","","5","",,"",,""
"1956-01","1956","01","-18.2","","-26.1","","-22.2","","0.0","","-40.6","","0.0","","21.3","","21.3","","18","",,"",,""
"1956-02","1956","02","-13.4","","-21.7","","-17.6","","2.8","","-39.4","","0.0","","19.6","","19.6","","15","",,"",,""
"1956-03","1956","03","-4.3","","-15.0","","-9.7","","6.1","","-35.6","","0.0","","9.9","","9.9","","5","",,"",,""
"1956-04","1956","04","6.4","","-4.6","","0.9","","14.4","S","-13.3","S","0.0","","3.6","","3.6","","0","",,"",,""
"1956-05","1956","05","13.4","","1.4","","7.4","","19.4","","-3.9","","0.5","","3.0","","3.6","","0","",,"",,""
"1956-06","1956","06","16.5","","4.5","","10.5","","23.3","","-0.6","S","32.8","","0.0","T","32.8","","0","",,"",,""
"1956-07","1956","07","21.1","","8.6","","14.9","","28.9","","1.1","","23.6","","0.0","","23.6","","0","",,"",,""
"1956-08","1956","08","18.6","","7.7","","13.2","","27.2","","1.1","","24.4","","0.0","","24.4","","0","",,"",,""
"1956-09","1956","09","11.2","","2.4","","6.8","","22.8","","-10.0","","21.6","","21.8","","43.4","","8","",,"",,""
"1956-10","1956","10","0.6","","-6.2","","-2.8","","7.8","S","-24.4","","1.8","","21.6","","23.4","","3","",,"",,""
"1956-11","1956","11","1.0","","-7.3","","-3.2","","8.9","","-28.3","","0.5","","29.2","","29.7","","0","T",,"",,""
"1956-12","1956","12","-17.2","","-25.3","","-21.3","","3.9","","-43.3","","0.3","","23.9","","24.1","","10","",,"",,""
"1957-01","1957","01","-15.8","","-24.2","","-20.0","","3.3","","-41.7","","0.0","","13.0","","13.0","","20","","34","","64",""
"1957-02","1957","02","-8.5","","-19.2","","-13.9","","3.9","","-31.7","","0.0","","37.1","","37.1","","41","","16","","89",""
"1957-03","1957","03","1.5","","-11.0","","-4.8","","5.6","","-24.4","","0.0","","4.3","","4.3","","13","","16","","61",""
"1957-04","1957","04","5.8","","-5.2","","0.3","","9.4","","-14.4","","0.3","","10.7","","10.9","","0","T","20","","51",""
"1957-05","1957","05","13.3","","2.3","","7.8","","22.2","","-3.3","S","8.1","","5.1","","13.2","","0","","16","","56",""
"1957-06","1957","06","20.7","","6.9","","13.8","","27.2","","3.9","S","21.3","","0.0","","21.3","","0","","34","","56",""
"1957-07","1957","07","19.6","","7.4","","13.5","","26.1","S","3.3","","32.5","","0.0","","32.5","","0","","16","","48","S"
"1957-08","1957","08","22.1","","8.6","","15.4","","28.9","","3.9","","23.6","","0.0","","23.6","","0","","16","","58",""
"1957-09","1957","09","16.4","","6.0","","11.2","","22.8","","-4.4","","10.4","","3.6","","14.0","","0","","16","","64","S"
"1957-10","1957","10","5.9","","-3.1","","1.4","","11.7","S","-15.6","","6.4","","4.1","","10.4","","0","","14","","56","S"
"1957-11","1957","11","0.1","","-6.1","","-3.0","","8.9","","-17.2","","1.0","","5.3","","6.4","","5","","18","","56",""
"1957-12","1957","12","-11.6","","-18.8","","-15.2","","-1.1","","-32.2","","0.0","","20.8","","20.8","","18","","18","","61",""
"1958-01","1958","01","-7.4","","-15.4","","-11.4","","7.8","","-27.2","S","0.0","T","18.5","","18.5","","20","","16","","80",""
"1958-02","1958","02","-12.1","","-21.0","","-16.6","","2.2","","-32.2","","0.0","T","12.7","","12.7","","20","","16","","64",""
"1958-03","1958","03","-0.4","","-12.3","","-6.4","","7.8","S","-27.8","","0.0","","6.9","","6.9","","5","","34","","48","S"
"1958-04","1958","04","9.7","","-2.8","","3.5","","20.6","S","-8.9","","1.5","","16.3","","17.8","","0","","14","","64",""
"1958-05","1958","05","14.3","","2.9","","8.6","","25.0","","-2.2","","2.0","","2.5","","4.6","","0","","11","","56",""
"1958-06","1958","06","23.3","","8.6","","16.0","","30.6","","3.9","","8.6","","0.0","","8.6","","0","","14","","56",""
"1958-07","1958","07","23.2","","10.2","","16.7","","30.6","","4.4","","12.7","","0.0","","12.7","","0","","20","","56",""
"1958-08","1958","08","16.8","","6.6","","11.7","","22.2","","-1.7","","29.2","","0.0","","29.2","","0","","11","","45","S"
"1958-09","1958","09","11.8","","0.2","","6.0","","17.8","S","-6.7","S","14.7","","0.3","","15.0","","0","","14","","61",""
"1958-10","1958","10","2.8","","-6.1","","-1.7","","18.9","","-22.2","","1.8","","31.2","","33.0","","10","","18","","97",""
"1958-11","1958","11","-5.1","","-10.9","","-8.0","","5.0","","-28.9","","0.5","","13.5","","14.0","","10","","14","","68",""
"1958-12","1958","12","-11.9","","-19.1","","-15.5","","1.7","S","-39.4","","0.0","","29.5","","29.5","","20","","14","","68",""
"1959-01","1959","01","-23.6","","-32.1","","-27.9","","1.7","","-43.9","","0.0","","17.8","","17.8","","25","","16","","68",""
"1959-02","1959","02","-6.2","","-14.9","","-10.6","","3.9","","-28.3","","0.0","T","15.2","","15.2","","20","","16","","58",""
"1959-03","1959","03","-4.5","","-16.6","","-10.6","","7.8","","-32.8","","0.0","","26.4","","26.4","","20","","14","","80",""
"1959-04","1959","04","4.5","","-5.8","","-0.7","","11.1","S","-16.1","","0.0","T","5.1","","5.1","","0","T","11","","56","S"
"1959-05","1959","05","11.9","","1.4","","6.7","","20.6","","-8.3","","28.7","","0.0","T","28.7","","0","","14","","48","S"
"1959-06","1959","06","20.7","","6.6","","13.7","","25.6","","0.6","","9.7","","0.0","","9.7","","0","","36","","89",""
"1959-07","1959","07","18.8","","7.7","","13.3","","26.1","","1.1","","27.9","","0.0","","27.9","","0","","11","","80",""
"1959-08","1959","08","15.4","","6.2","","10.8","","23.3","","1.1","","52.8","","0.0","","52.8","","0","","32","","45",""
"1959-09","1959","09","11.7","","2.8","","7.3","","19.4","","-1.7","S","21.6","","0.0","T","21.6","","0","","11","","48",""
"1959-10","1959","10","2.6","","-5.1","","-1.3","","18.9","","-20.0","","1.3","","11.4","","12.7","","0","","14","","74",""
"1959-11","1959","11","-3.1","","-11.0","","-7.1","","6.7","","-33.9","","0.0","","22.4","","22.4","","5","","14","","74",""
"1959-12","1959","12","-3.8","","-11.3","","-7.6","","2.8","","-23.9","","0.0","","12.7","","12.7","","18","","14","","74",""
"1960-01","1960","01","-12.2","","-20.0","","-16.1","","3.9","","-36.1","","0.0","","18.8","","18.8","","20","","14","","74",""
"1960-02","1960","02","-5.5","","-15.2","","-10.4","","6.1","","-26.7","","0.0","","27.9","","27.9","","36","","16","","61",""
"1960-03","1960","03","-4.8","","-14.6","","-9.7","","5.6","S","-28.9","","0.0","","20.1","","20.1","","20","","34","","64",""
"1960-04","1960","04","7.9","","-3.8","","2.1","","16.1","S","-9.4","","0.0","","0.0","T","0.0","T","0","","11","","66",""
"1960-05","1960","05","14.9","","0.8","","7.9","","24.4","S","-2.8","S","9.4","","0.0","T","9.4","","0","","32","","58",""
"1960-06","1960","06","16.6","","5.9","","11.3","","24.4","S","-1.1","","30.5","","0.0","","30.5","","0","","14","","48","S"
"1960-07","1960","07","18.4","","8.2","","13.3","","22.2","S","2.8","","18.3","","0.0","","18.3","","0","","11","","58",""
"1960-08","1960","08","17.4","","6.7","","12.1","","28.9","","-2.2","","33.3","","0.0","","33.3","","0","","14","","84",""
"1960-09","1960","09","12.5","","2.8","","7.7","","21.1","","-3.9","S","15.5","","0.0","T","15.5","","0","","14","","68",""
"1960-10","1960","10","4.3","","-1.7","","1.3","","13.3","","-10.6","","5.3","","19.6","","24.9","","0","T","20","","77",""
"1960-11","1960","11","-4.8","","-11.1","","-8.0","","6.7","","-31.7","","0.0","T","16.0","","10.9","","5","","16","","74",""
"1960-12","1960","12","-3.9","","-12.7","","-8.3","","6.1","","-34.4","","0.0","T","14.0","","11.9","","5","","14","","97",""
"1961-01","1961","01","-9.3","","-17.2","","-13.3","","2.8","","-33.3","","0.0","","12.4","","11.7","","13","","16","","87",""
"1961-02","1961","02","-8.4","","-15.5","","-12.0","","5.0","","-25.6","S","0.0","T","17.8","","15.0","","20","","16","","80",""
"1961-03","1961","03","-2.5","","-14.2","","-8.4","","7.2","","-37.8","","0.0","","17.3","","17.0","","13","","11","","80",""
"1961-04","1961","04","4.7","","-5.6","","-0.5","","16.1","","-17.8","","0.0","T","15.5","","16.3","","0","T","32","","84",""
"1961-05","1961","05","12.5","","0.6","","6.6","","20.0","","-8.3","","4.8","","0.0","T","4.8","","0","","14","","72",""
"1961-06","1961","06","16.7","","5.5","","11.1","","23.3","","1.1","","87.4","","0.8","","88.1","","0","","14","","77",""
"1961-07","1961","07","21.3","","8.9","","15.1","","30.0","","4.4","","18.5","","0.0","","18.5","","0","","18","","76",""
"1961-08","1961","08","18.3","","6.2","","12.3","","25.0","","-1.1","S","32.0","","0.0","","32.0","","0","","14","","61",""
"1961-09","1961","09","12.6","","1.0","","6.8","","21.1","S","-8.9","","23.6","","8.1","","31.8","","0","","14","","90",""
"1961-10","1961","10","2.5","","-5.2","","-1.4","","13.3","","-16.1","","2.5","","29.2","","28.7","","5","","14","","92",""
"1961-11","1961","11","-8.3","","-17.8","","-13.1","","6.1","","-37.8","","0.0","","15.7","","14.2","","18","","16","","97",""
"1961-12","1961","12","-19.9","","-29.8","","-24.9","","2.8","","-44.4","S","0.3","","23.4","","20.3","","23","","14","","85",""
"1962-01","1962","01","-11.1","","-22.4","","-16.8","","6.7","","-43.3","","0.0","T","40.1","","31.0","","33","","14","","97",""
"1962-02","1962","02","-7.9","","-19.3","","-13.6","","5.6","","-31.7","S","0.0","","16.0","","9.9","","25","","32","","98",""
"1962-03","1962","03","-3.9","","-17.0","","-10.5","","8.3","","-32.8","","0.0","","35.8","","23.6","","25","","14","","72",""
"1962-04","1962","04","5.3","","-4.3","","0.5","","8.3","","-19.4","","0.0","T","15.2","","15.0","","5","","11","","74",""
"1962-05","1962","05","11.4","","0.3","","5.9","","18.9","","-3.9","","7.1","","6.1","","12.7","","0","","14","","77",""
"1962-06","1962","06","16.7","","4.9","","10.8","","25.0","","-1.7","","56.6","","5.1","","61.7","","0","","36","","80",""
"1962-07","1962","07","21.2","","7.8","","14.5","","29.4","S","3.9","S","18.3","","0.0","","18.3","","0","","29","","71",""
"1962-08","1962","08","18.4","","8.1","","13.3","","24.4","S","1.7","","45.2","","0.0","T","45.2","","0","","36","","84",""
"1962-09","1962","09","10.9","","1.9","","6.4","","18.9","","-3.9","","18.0","","9.9","","27.9","","0","","11","","80",""
"1962-10","1962","10","6.1","","-0.5","","2.8","","11.7","","-5.6","S","11.4","","14.7","","26.2","","10","","11","","89","S"
"1962-11","1962","11","-3.3","","-8.4","","-5.9","","6.1","","-21.7","","8.6","","19.1","","22.4","","13","","14","","106",""
"1962-12","1962","12","-10.4","","-17.1","","-13.8","","5.0","","-42.8","","0.0","T","51.6","","42.4","","25","","16","","89",""
"1963-01","1963","01","-9.7","","-18.7","","-14.2","","8.3","","-43.9","S","0.0","","24.1","","20.1","","28","","29","","72",""
"1963-02","1963","02","-4.6","","-13.2","","-8.9","","8.9","","-38.3","","0.0","T","12.7","","11.2","","18","","16","","71","S"
"1963-03","1963","03","-4.1","","-15.3","","-9.7","","7.2","","-28.3","","0.0","","26.2","","24.9","","33","","32","","74",""
"1963-04","1963","04","3.8","","-7.0","","-1.6","","11.7","S","-26.1","","0.3","","3.8","","4.1","","0","T","14","","64",""
"1963-05","1963","05","13.7","","0.8","","7.3","","26.1","","-5.0","","5.3","","0.0","T","5.3","","0","","14","","55",""
"1963-06","1963","06","15.0","","4.6","","9.8","","25.0","","0.0","","28.4","","4.3","","32.8","","0","","29","","90",""
"1963-07","1963","07","19.9","","8.3","","14.1","","27.8","","1.1","","33.5","","0.0","","33.5","","0","","14","","58",""
"1963-08","1963","08","21.8","","7.4","","14.6","","27.8","","0.0","","20.1","","0.0","","20.1","","0","","23","","80","S"
"1963-09","1963","09","13.3","","5.4","","9.4","","23.9","","-0.6","","49.8","","14.7","","64.5","","0","","14","","53","S"
"1963-10","1963","10","6.1","","-0.4","","2.9","","11.1","S","-5.0","S","4.8","","3.6","","8.4","","0","T","14","","68","S"
"1963-11","1963","11","-13.3","","-19.8","","-16.6","","3.9","","-37.2","","0.0","","26.9","","25.7","","15","","32","","97",""
"1963-12","1963","12","-6.5","","-14.0","","-10.3","","4.4","S","-37.8","S","0.3","","20.3","","15.5","","15","","14","","77","S"
"1964-01","1964","01","-11.7","","-20.1","","-15.9","","0.6","","-43.3","","0.0","","18.5","","17.0","","25","","16","","71",""
"1964-02","1964","02","-1.8","","-11.2","","-6.5","","7.2","","-33.3","","0.0","T","17.5","","14.7","","13","","16","","106",""
"1964-03","1964","03","-8.2","","-21.2","","-14.7","","5.6","S","-37.8","","0.0","T","37.1","","25.7","","25","","14","","87",""
"1964-04","1964","04","3.9","","-5.6","","-0.9","","6.7","S","-18.3","","0.0","","20.8","","12.7","","0","T","32","","68",""
"1964-05","1964","05","9.7","","-0.9","","4.4","","24.4","","-11.7","","2.3","","21.1","","18.8","","0","","32","","63",""
"1964-06","1964","06","19.3","","7.3","","13.3","","26.7","","2.2","S","31.0","","0.0","","31.0","","0","","34","","71",""
"1964-07","1964","07","18.5","","7.3","","12.9","","24.4","S","2.8","S","36.1","","0.0","","36.1","","0","","23","","61",""
"1964-08","1964","08","17.0","","6.1","","11.6","","23.9","","-0.6","","51.3","","0.0","","51.3","","0","","2","","64",""
"1964-09","1964","09","12.8","","1.9","","7.4","","18.9","S","-3.3","S","13.7","","0.0","T","13.7","","0","","36","","100",""
"1964-10","1964","10","5.6","","-1.6","","2.0","","17.8","","-16.1","S","0.8","","16.5","","15.5","","0","T","16","","72",""
"1964-11","1964","11","-5.8","","-12.7","","-9.3","","6.7","","-35.6","","0.0","","17.5","","13.5","","5","","16","","64","S"
"1964-12","1964","12","-20.9","","-28.4","","-24.7","","4.4","","-44.4","","2.0","","26.9","","27.2","","20","","16","","84",""
"1965-01","1965","01","-15.8","","-22.8","","-19.3","","8.9","","-46.7","","0.8","","17.3","","16.0","","15","","16","","100",""
"1965-02","1965","02","-13.8","","-24.2","","-19.0","","1.1","","-39.4","","0.0","","22.1","","20.1","","28","","16","","80",""
"1965-03","1965","03","2.3","","-7.6","","-2.7","","11.1","","-21.1","S","0.0","T","4.3","","4.3","","5","","23","","93",""
"1965-04","1965","04","5.6","","-4.6","","0.5","","12.2","","-11.1","S","0.5","","4.1","","5.1","","0","","36","","89","S"
"1965-05","1965","05","10.8","","-0.4","","5.2","","20.0","","-6.1","","0.3","","6.9","","7.6","","0","","16","","85",""
"1965-06","1965","06","15.7","","4.1","","9.9","","23.9","","0.0","","14.0","","0.5","","14.5","","0","","14","","72",""
"1965-07","1965","07","21.0","","7.8","","14.4","","29.4","","3.9","","10.9","","0.0","","10.9","","0","","16","","48","S"
"1965-08","1965","08","19.5","","6.4","","13.0","","28.3","","0.6","","21.8","","0.0","","21.8","","0","","16","","60",""
"1965-09","1965","09","14.7","","3.7","","9.2","","20.0","","-3.3","","29.0","","0.0","T","29.0","","0","","36","","64",""
"1965-10","1965","10","4.4","","-3.3","","0.6","","10.0","S","-22.2","","4.8","","31.0","","33.8","","0","T","16","","85",""
"1965-11","1965","11","-9.1","","-15.6","","-12.4","","2.2","S","-24.4","","0.0","T","22.9","","20.1","","20","","16","","64","S"
"1965-12","1965","12","-10.8","","-19.3","","-15.1","","1.7","","-42.8","","0.0","","21.6","","19.6","","30","","16","","84",""
"1966-01","1966","01","-27.5","","-35.8","","-31.7","","-15.0","","-46.7","","0.0","","11.4","","10.4","","36","","16","","89",""
"1966-02","1966","02","-6.7","","-16.9","","-11.8","","5.0","","-36.1","","0.0","T","24.6","","20.3","","38","","16","","89",""
"1966-03","1966","03","-3.8","","-14.1","","-9.0","","8.3","","-37.2","","0.5","","15.2","","13.0","","13","","14","","76",""
"1966-04","1966","04","5.6","","-5.9","","-0.2","","11.1","","-16.7","","3.8","","8.9","","12.4","","0","T","36","","85",""
"1966-05","1966","05","10.5","","0.2","","5.4","","19.4","","-5.6","S","3.3","","2.0","","5.6","","0","","18","","64",""
"1966-06","1966","06","19.6","","5.3","","12.5","","25.0","","0.0","","36.8","","0.0","","36.8","","0","","14","","61","S"
"1966-07","1966","07","21.6","","8.9","","15.3","","30.0","","3.9","","31.8","","0.0","","31.8","","0","","5","","64",""
"1966-08","1966","08","16.4","","6.3","","11.4","","23.9","S","1.1","S","49.8","","0.0","","49.8","","0","","16","","64",""
"1966-09","1966","09","12.2","","3.2","","7.7","","20.0","","-3.3","S","45.7","","0.0","T","45.7","","0","","18","","68",""
"1966-10","1966","10","2.1","","-5.1","","-1.5","","10.0","S","-18.3","","13.5","","17.5","","28.2","","10","","16","","80",""
"1966-11","1966","11","-9.8","","-18.4","","-14.1","","4.4","S","-35.0","","0.3","","38.4","","21.8","","33","","18","","72",""
"1966-12","1966","12","-13.6","","-20.2","","-16.9","","-1.1","","-40.0","","0.0","","8.4","","5.1","","28","","18","","89",""
"1967-01","1967","01","-15.7","","-24.4","","-20.1","","0.0","","-40.0","","0.0","","23.9","","20.1","","41","","18","","68",""
"1967-02","1967","02","-7.2","","-17.6","","-12.4","","3.3","S","-35.0","","0.0","","33.8","","25.9","","69","","18","","80",""
"1967-03","1967","03","-6.3","","-19.7","","-13.0","","7.8","","-32.8","","0.0","","38.9","","18.3","","64","","34","","80",""
"1967-04","1967","04","4.2","","-8.4","","-2.1","","16.1","","-22.2","","0.0","","32.0","","22.1","","15","","16","","89",""
"1967-05","1967","05","12.6","","0.2","","6.4","","18.9","","-4.4","","21.1","","7.4","","28.4","","0","","16","","56",""
"1967-06","1967","06","20.9","","7.3","","14.1","","27.8","","1.7","","6.9","","0.0","","6.9","","0","","23","","60",""
"1967-07","1967","07","18.6","","7.2","","12.9","","22.8","S","1.7","","51.1","","0.0","","51.1","","0","","16","","55",""
"1967-08","1967","08","19.6","","8.1","","13.9","","26.7","","1.7","","8.9","","0.0","","8.9","","0","","18","","63",""
"1967-09","1967","09","13.2","","3.8","","8.5","","23.9","","-5.0","","15.2","","0.0","T","15.2","","0","","18","","101",""
"1967-10","1967","10","4.7","","-2.1","","1.3","","10.0","","-8.9","","1.3","","8.9","","10.7","","0","T","16","","58","S"
"1967-11","1967","11","-3.3","","-10.1","","-6.7","","10.0","","-27.8","S","2.3","","23.6","","16.8","","10","","25","","97",""
"1967-12","1967","12","-10.9","","-19.8","","-15.4","","2.8","S","-34.4","","0.3","","23.4","","18.8","","23","","16","","80",""
"1968-01","1968","01","-15.1","","-25.1","","-20.1","","5.6","","-43.3","","0.0","T","73.9","","46.0","","56","","23","","74",""
"1968-02","1968","02","-5.6","","-14.6","","-10.1","","11.7","","-51.1","S","0.0","T","6.4","","4.8","","5","","16","","79",""
"1968-03","1968","03","1.4","","-8.2","","-3.4","","7.8","S","-26.7","","0.5","","7.9","","5.1","","0","T","18","","68",""
"1968-04","1968","04","4.9","","-4.8","","0.1","","9.4","S","-15.6","","0.0","T","9.1","","5.8","","0","","25","","76",""
"1968-05","1968","05","13.9","","1.4","","7.7","","22.8","","-6.7","","32.0","","0.0","T","32.0","","0","","25","","79",""
"1968-06","1968","06","18.0","","5.4","","11.7","","22.2","","-0.6","","7.1","","0.0","T","7.1","","0","","18","","69",""
"1968-07","1968","07","20.3","","8.9","","14.6","","25.6","S","2.2","","31.5","","0.0","","31.5","","0","","36","","72","S"
"1968-08","1968","08","18.8","","6.5","","12.7","","25.6","","1.1","","46.7","","0.0","","46.7","","0","","18","","53",""
"1968-09","1968","09","10.0","","2.8","","6.4","","15.6","S","-6.1","","48.0","","12.7","","60.7","","0","","18","","71",""
"1968-10","1968","10","2.8","","-4.2","","-0.7","","8.3","","-15.0","","2.5","","13.0","","14.0","","0","T","16","","64",""
"1968-11","1968","11","-4.4","","-12.4","","-8.4","","3.9","S","-25.0","","0.0","T","37.1","","26.2","","30","","16","","82",""
"1968-12","1968","12","-19.6","","-28.6","","-24.1","","-2.2","","-43.9","","0.0","","23.6","","17.5","","38","","18","","66",""
"1969-01","1969","01","-29.1","","-36.2","","-32.7","","-17.2","","-46.1","","0.0","","11.9","","8.4","","38","","16","","97",""
"1969-02","1969","02","-10.6","","-19.8","","-15.2","","-0.6","","-33.3","","0.0","","6.1","","5.3","","30","","16","","72",""
"1969-03","1969","03","-0.5","","-11.3","","-5.9","","9.4","","-31.7","","0.0","T","11.2","","9.9","","23","","25","","50","S"
"1969-04","1969","04","7.1","","-3.0","","2.1","","10.6","","-10.0","","1.0","","2.3","","3.3","","0","","16","","53","S"
"1969-05","1969","05","13.9","","1.7","","7.8","","22.8","","-2.8","S","5.1","","0.0","T","5.1","","0","","14","","64",""
"1969-06","1969","06","23.5","","7.7","","15.6","","34.4","","-1.7","","27.4","","0.0","","27.4","","0","","14","","61",""
"1969-07","1969","07","17.7","","7.5","","12.6","","23.9","","1.7","","66.8","","0.0","","66.8","","0","","25","","50","S"
"1969-08","1969","08","14.2","","3.1","","8.7","","23.3","","-2.8","","55.6","","6.1","","63.0","","0","","36","","50",""
"1969-09","1969","09","11.0","","3.3","","7.2","","16.1","","-1.1","","29.0","","0.0","","29.0","","0","","16","","48","S"
"1969-10","1969","10","6.7","","-1.7","","2.5","","16.7","","-16.1","","2.0","","0.5","","2.5","","0","T","14","","80",""
"1969-11","1969","11","-5.1","","-12.4","","-8.8","","8.9","","-35.0","S","4.1","","26.7","","24.9","","10","","14","","64",""
"1969-12","1969","12","-4.7","","-12.1","","-8.4","","3.3","S","-27.2","","0.0","T","9.9","","5.1","","10","","14","","71",""
"1970-01","1970","01","-14.2","","-22.2","","-18.2","","4.4","","-44.4","","0.0","T","18.5","","15.2","","20","","18","","74",""
"1970-02","1970","02","-0.8","","-10.7","","-5.8","","6.1","","-24.4","","0.0","T","9.4","","6.6","","15","","14","","58","S"
"1970-03","1970","03","2.6","","-6.8","","-2.1","","8.3","","-21.7","","0.0","T","1.3","","0.8","","0","T","14","","64",""
"1970-04","1970","04","5.7","","-3.7","","1.0","","10.6","","-11.7","","0.0","T","15.5","","14.0","","0","","14","","53",""
"1970-05","1970","05","12.5","","0.8","","6.7","","18.9","","-3.9","","22.6","","1.5","","24.1","","0","","14","","61",""
"1970-06","1970","06","16.6","","4.6","","10.6","","21.7","","0.6","","14.7","","0.0","","14.7","","0","","23","","53",""
"1970-07","1970","07","18.6","","6.4","","12.5","","26.7","","2.2","","10.4","","0.0","","10.4","","0","","29","","64",""
"1970-08","1970","08","16.3","","5.7","","11.0","","24.4","","-1.1","","12.7","","0.0","","12.7","","0","","23","","48","S"
"1970-09","1970","09","10.3","","1.7","","6.0","","17.2","","-10.0","","42.7","","4.1","","45.7","","0","","16","","64",""
"1970-10","1970","10","1.8","","-5.6","","-1.9","","13.3","","-16.7","S","19.1","","36.1","","50.5","","0","T","16","","61",""
"1970-11","1970","11","-6.2","","-13.9","","-10.1","","11.7","","-31.7","","1.3","","32.0","","30.0","","30","","14","","56",""
"1970-12","1970","12","-14.2","","-21.8","","-18.0","","3.3","","-42.8","","0.0","","23.1","","18.8","","46","","16","","64",""
"1971-01","1971","01","-24.2","","-33.1","","-28.7","","3.9","S","-46.1","","0.0","T","14.7","","14.5","","48","","18","","71",""
"1971-02","1971","02","-5.4","","-14.7","","-10.1","","5.0","","-37.2","","0.0","","3.0","","2.5","","38","","18","","72",""
"1971-03","1971","03","-4.2","","-16.4","","-10.3","","3.3","","-31.7","","0.0","","12.2","","10.7","","36","","16","","60",""
"1971-04","1971","04","4.6","","-4.6","","0.0","","9.4","S","-16.7","","0.0","T","5.8","","5.8","","0","T","16","","63",""
"1971-05","1971","05","10.8","","-0.7","","5.1","","21.1","","-6.7","S","0.8","","0.0","T","0.8","","0","","16","","72",""
"1971-06","1971","06","18.7","","4.9","","11.8","","26.1","","-2.8","","52.6","","0.0","","52.6","","0","","14","","64","S"
"1971-07","1971","07","22.8","","8.7","","15.8","","30.0","","2.2","","5.6","","0.0","","5.6","","0","","2","","61",""
"1971-08","1971","08","18.7","","7.0","","12.9","","29.4","","-0.6","","86.6","","0.0","","86.6","","0","","14","","51",""
"1971-09","1971","09","10.4","","2.1","","6.3","","16.7","","-5.6","","17.5","","4.3","","21.8","","0","T","34","","61",""
"1971-10","1971","10","2.7","","-4.5","","-0.9","","11.7","","-20.0","","0.3","","27.7","","21.3","","13","","20","","84",""
"1971-11","1971","11","-6.8","","-14.8","","-10.8","","6.1","","-30.6","","0.0","","32.3","","20.1","","33","","16","","60",""
"1971-12","1971","12","-15.3","","-25.3","","-20.3","","1.1","","-46.7","","0.0","T","31.0","","20.8","","51","","16","","68",""
"1972-01","1972","01","-23.9","","-33.2","","-28.6","","0.6","","-45.0","","0.0","","39.9","","28.7","","86","","36","","55",""
"1972-02","1972","02","-16.3","","-27.3","","-21.8","","0.0","","-38.3","","0.0","","28.4","","23.4","","94","","34","","55",""
"1972-03","1972","03","-5.2","","-16.6","","-10.9","","5.0","S","-40.6","","0.0","","9.4","","5.6","","56","","18","","64",""
"1972-04","1972","04","1.0","","-11.2","","-5.1","","6.7","","-27.8","","0.3","","17.5","","16.8","","43","","16","","58",""
"1972-05","1972","05","12.6","","-0.6","","6.0","","22.2","","-7.8","S","4.3","","5.6","","10.2","","0","","16","","51",""
"1972-06","1972","06","18.1","","4.1","","11.1","","28.9","S","-1.1","S","6.9","","12.7","","19.6","","0","","14","","45","S"
"1972-07","1972","07","20.7","","6.9","","13.8","","28.9","","2.2","","58.2","","0.0","","58.2","","0","","5","","51",""
"1972-08","1972","08","17.7","","7.2","","12.5","","23.3","S","-1.1","","46.7","","0.0","","46.7","","0","","16","","40",""
"1972-09","1972","09","10.1","","0.3","","5.2","","22.8","","-11.7","","19.6","","18.8","","37.6","","0","","27","","58",""
"1972-10","1972","10","3.5","","-5.4","","-1.0","","13.3","","-20.6","","4.3","","16.3","","16.3","","8","","16","","60",""
"1972-11","1972","11","-3.4","","-9.9","","-6.7","","4.4","","-21.7","","0.0","T","8.9","","4.3","","5","","16","","60",""
"1972-12","1972","12","-12.8","","-22.2","","-17.5","","-2.2","","-42.8","","0.0","T","26.9","","24.4","","20","","16","","50",""
"1973-01","1973","01","-17.8","","-28.5","","-23.2","","0.6","","-41.1","","0.0","","24.9","","17.8","","38","","36","","56",""
"1973-02","1973","02","-10.4","","-22.9","","-16.7","","4.4","","-36.1","","0.0","","6.1","","4.6","","38","","16","","58",""
"1973-03","1973","03","0.1","","-10.8","","-5.4","","6.7","","-22.2","","0.0","","5.6","","5.3","","20","","18","","45",""
"1973-04","1973","04","6.1","","-3.7","","1.2","","12.8","","-8.9","","4.3","","2.5","","6.9","","0","","14","","45","S"
"1973-05","1973","05","12.2","","-0.2","","6.0","","22.8","","-4.4","","8.1","","0.0","T","8.1","","0","","14","","50",""
"1973-06","1973","06","16.9","","4.4","","10.7","","20.6","S","-1.7","","13.5","","0.0","","13.5","","0","","14","","47",""
"1973-07","1973","07","19.7","","6.7","","13.2","","25.0","","1.7","S","28.2","","0.0","","28.2","","0","","34","","47",""
"1973-08","1973","08","15.8","","4.4","","10.1","","23.9","S","-2.8","","45.0","","0.0","","45.0","","0","","16","","37",""
"1973-09","1973","09","13.0","","0.9","","7.0","","17.8","S","-7.2","","24.6","","0.0","T","24.6","","0","","16","","42",""
"1973-10","1973","10","3.3","","-3.2","","0.1","","11.7","","-8.9","","3.0","","20.1","","22.6","","5","","14","","45",""
"1973-11","1973","11","-15.5","","-24.3","","-19.9","","-2.8","","-36.7","","0.0","","32.0","","23.6","","28","","16","","55",""
"1973-12","1973","12","-12.9","","-21.8","","-17.4","","1.1","","-38.3","","0.0","","24.4","","14.7","","41","","18","","61",""
"1974-01","1974","01","-24.3","","-33.7","","-29.0","","-13.9","","-47.2","","0.0","T","23.4","","14.7","","58","","16","","42",""
"1974-02","1974","02","-8.7","","-19.7","","-14.2","","6.1","","-43.9","","0.0","","14.7","","11.7","","43","","18","","53",""
"1974-03","1974","03","-4.7","","-19.4","","-12.1","","6.7","","-40.0","","0.0","","9.4","","8.9","","30","","18","","51",""
"1974-04","1974","04","5.4","","-4.7","","0.4","","12.2","","-18.9","","1.3","","2.5","","2.0","","0","T","23","","55",""
"1974-05","1974","05","12.9","","-0.2","","6.4","","20.6","","-5.6","","27.4","","10.9","","38.4","","0","","14","","40",""
"1974-06","1974","06","16.7","","3.4","","10.1","","22.8","","-1.7","","38.9","","0.0","","38.9","","0","","36","","48",""
"1974-07","1974","07","18.4","","6.4","","12.4","","23.9","","2.2","S","52.1","","0.0","","52.1","","0","","14","","66",""
"1974-08","1974","08","17.6","","5.2","","11.4","","27.2","","0.0","S","84.1","","19.3","","103.4","","0","","34","","45",""
"1974-09","1974","09","13.5","","1.8","","7.7","","25.0","","-11.7","","22.1","","11.7","","33.3","","0","","16","","45",""
"1974-10","1974","10","5.1","","-2.1","","1.5","","10.6","S","-24.4","","10.7","","22.1","","32.5","","0","","16","","68",""
"1974-11","1974","11","-1.7","","-7.3","","-4.5","","8.3","","-17.8","","0.5","","5.8","","4.6","","0","T","16","","53","S"
"1974-12","1974","12","-5.2","","-13.6","","-9.4","","2.8","","-28.9","","0.0","T","34.5","","26.2","","30","","16","","80",""
"1975-01","1975","01","-16.4","","-25.2","","-20.8","","2.2","","-49.4","","0.0","","18.5","","16.0","","33","","18","","42",""
"1975-02","1975","02","-11.8","","-22.8","","-17.3","","2.8","S","-45.0","","0.0","","6.6","","4.8","","28","","14","","56",""
"1975-03","1975","03","-2.3","","-16.6","","-9.5","","3.9","","-32.8","","0.0","","19.8","","17.0","","23","","16","","47","S"
"1975-04","1975","04","4.3","","-4.6","","-0.2","","10.0","","-12.8","","0.0","","25.9","","18.5","","0","T","16","","47","S"
"1975-05","1975","05","13.2","","0.1","","6.7","","22.2","","-5.6","","3.6","","0.0","T","3.6","","0","","16","","42",""
"1975-06","1975","06","16.1","","4.2","","10.2","","25.6","","-2.8","","22.1","","0.0","T","22.1","","0","","14","","35",""
"1975-07","1975","07","19.2","","7.9","","13.6","","28.3","","2.8","S","63.2","","0.0","","63.2","","0","","11","","45",""
"1975-08","1975","08","17.0","","4.7","","10.9","","25.0","","-1.1","","47.2","","0.0","","47.2","","0","","14","","60",""
"1975-09","1975","09","12.9","","3.9","","8.4","","20.6","","-1.7","S","51.6","","0.0","","51.6","","0","","14","","60",""
"1975-10","1975","10","2.3","","-4.4","","-1.1","","12.2","","-28.3","","9.4","","25.1","","31.5","","10","","14","","45",""
"1975-11","1975","11","-10.8","","-18.8","","-14.8","","0.0","","-28.3","","0.0","","19.6","","12.2","","18","","16","","50",""
"1975-12","1975","12","-16.7","","-26.3","","-21.5","","2.2","","-46.1","S","1.8","","22.9","","21.3","","33","","18","","72",""
"1976-01","1976","01","-11.1","","-20.0","","-15.6","","3.9","","-43.9","S","0.0","T","26.2","","21.1","","46","","20","","60",""
"1976-02","1976","02","-12.1","","-23.0","","-17.6","","3.3","","-35.6","S","0.0","","29.0","","21.8","","48","","18","","51",""
"1976-03","1976","03","-0.5","","-14.6","","-7.6","","7.2","","-34.4","","0.0","","17.0","","13.5","","43","","16","","48",""
"1976-04","1976","04","7.0","","-4.6","","1.2","","20.0","S","-16.7","","0.8","","20.3","","8.1","","0","T","16","","45",""
"1976-05","1976","05","11.0","","0.0","","5.5","","16.1","","-5.0","","9.1","","0.8","","9.9","","0","","14","","48",""
"1976-06","1976","06","18.7","","4.6","","11.7","","27.2","","-1.1","","20.8","","0.0","","20.8","","0","","16","","53",""
"1976-07","1976","07","20.3","","6.3","","13.3","","31.1","","1.7","S","26.9","","0.0","","26.9","","0","","5","","47",""
"1976-08","1976","08","19.6","","5.7","","12.7","","28.3","","-2.2","","36.8","","0.0","","36.8","","0","","16","","39",""
"1976-09","1976","09","13.3","","2.3","","7.8","","21.7","S","-6.7","","6.6","","0.0","","6.6","","0","","16","","51","S"
"1976-10","1976","10","5.6","","-2.5","","1.6","","12.8","","-8.3","","5.1","","17.0","","22.1","","0","T","16","","56","S"
"1976-11","1976","11","2.5","","-3.8","","-0.7","","8.3","","-19.4","","0.0","T","6.6","","6.4","","3","","18","","58",""
"1976-12","1976","12","-7.1","","-16.0","","-11.6","","5.0","","-27.8","","0.0","","36.6","","24.6","","15","","16","","61",""
"1977-01","1977","01","-3.9","","-12.2","","-8.1","","9.0","","-24.8","","0.0","T","27.8","","19.1","","20","","16","","56",""
"1977-02","1977","02","1.5","","-7.1","","-2.8","","6.2","","-18.5","","0.0","T","9.3","","6.9","","19","","16","","52",""
"1977-03","1977","03","-1.1","","-12.3","","-6.7","","4.5","S","-23.0","","0.0","T","19.7","","8.6","","26","","16","","46",""
"1977-04","1977","04","7.5","","-3.1","","2.2","","16.4","","-17.2","","0.0","T","6.8","","4.8","","0","T","14","","48",""
"1977-05","1977","05","12.9","","-0.1","","6.4","","18.9","","-6.2","","28.4","","0.0","T","28.4","","0","","22","S","41","S"
"1977-06","1977","06","18.2","","4.1","","11.2","","24.7","","-0.7","","48.7","","1.5","","50.7","","0","","15","","52",""
"1977-07","1977","07","19.6","","6.9","","13.3","","27.3","","1.6","","84.6","","0.0","","84.6","","0","","31","","46",""
"1977-08","1977","08","22.3","","7.7","","15.0","","30.0","","1.1","","23.2","","0.0","","23.2","","0","","15","S","41","S"
"1977-09","1977","09","12.3","","1.6","","7.0","","18.6","","-5.2","","46.2","","1.0","","47.2","","0","","32","","56",""
"1977-10","1977","10","5.6","","-1.2","","2.2","","9.7","","-7.3","","9.4","","5.9","","15.5","","0","","16","","57",""
"1977-11","1977","11","-9.7","","-18.1","","-13.9","","0.7","","-32.7","","0.0","","30.5","","19.1","","25","","17","","48",""
"1977-12","1977","12","-22.0","","-30.2","","-26.1","","0.0","","-46.2","S","0.0","T","13.3","","9.4","","28","","18","","56",""
"1978-01","1978","01","-13.7","","-22.3","","-18.0","","5.9","","-43.9","","0.0","","3.0","","1.6","","22","","17","","70",""
"1978-02","1978","02","-4.3","","-15.4","","-9.9","","3.9","","-39.1","","0.2","","4.0","","3.4","","21","","17","","69",""
"1978-03","1978","03","-0.2","","-11.5","","-5.9","","5.0","","-34.2","","0.0","","8.6","","4.7","","17","","16","","43",""
"1978-04","1978","04","7.1","","-5.0","","1.1","","14.3","","-13.6","","2.3","","11.4","","12.5","","0","","18","","67",""
"1978-05","1978","05","12.8","","0.3","","6.6","","17.2","","-5.0","","11.2","","0.0","T","11.2","","0","","25","S","48","S"
"1978-06","1978","06","18.3","","4.9","","11.6","","24.3","","0.3","","32.3","","0.0","","32.3","","0","","31","S","44","S"
"1978-07","1978","07","21.0","","7.1","","14.1","","30.6","","2.0","","22.0","","0.0","","22.0","","0","","15","","44",""
"1978-08","1978","08","19.5","","6.8","","13.2","","29.5","","-0.6","","23.8","","0.0","","23.8","","0","","14","","41",""
"1978-09","1978","09","13.4","","1.8","","7.6","","20.4","","-5.4","","13.4","","0.0","T","13.4","","0","","16","","48","S"
"1978-10","1978","10","7.2","","-0.2","","3.5","","13.3","","-10.6","","14.2","","16.6","","27.0","","2","","15","","52",""
"1978-11","1978","11","-6.4","","-14.0","","-10.2","","4.9","","-34.0","","0.0","T","69.0","","38.1","","41","","17","","59",""
"1978-12","1978","12","-8.8","","-18.7","","-13.8","","2.5","S","-35.5","","0.0","","30.1","","18.6","","46","","16","","70",""
"1979-01","1979","01","-17.1","","-27.2","","-22.2","","-0.1","","-41.3","","0.0","","7.7","","4.6","","47","","18","","57","E"
"1979-02","1979","02","-22.9","","-33.0","","-28.0","","-10.3","S","-45.2","","0.4","","15.4","","12.8","","55","",,"M",,"M"
"1979-03","1979","03","0.5","","-9.3","","-4.4","","11.7","","-26.7","","0.2","","25.8","","21.9","","54","","16","","70",""
"1979-04","1979","04","8.3","","-6.3","","1.0","","20.5","","-23.3","","0.0","","4.6","","0.6","","0","T","17","","54",""
"1979-05","1979","05","12.8","","0.4","","6.6","","20.2","","-5.4","","4.7","","4.1","","6.2","","0","","16","S","61","S"
"1979-06","1979","06","16.7","","5.5","","11.1","","20.2","","-0.9","","51.7","","0.0","","51.7","","0","","17","","54",""
"1979-07","1979","07","19.5","","7.9","","13.7","","25.9","","1.0","","64.7","","0.0","","64.7","","0","","24","","70",""
"1979-08","1979","08","21.5","","6.2","","13.9","","27.5","","1.4","","10.1","","0.0","","10.1","","0","","14","S","54","S"
"1979-09","1979","09","13.7","","3.0","","8.4","","18.8","","-4.9","","37.1","","0.0","","37.1","","0","","16","","70",""
"1979-10","1979","10","7.4","","-0.8","","3.3","","16.0","","-9.6","","3.8","","2.8","","5.7","","0","T","15","","74",""
"1979-11","1979","11","-0.5","","-6.6","","-3.6","","5.2","","-19.0","","8.8","","11.0","","19.9","","0","T","16","","74",""
"1979-12","1979","12","-11.1","","-21.2","","-16.2","","2.6","","-39.6","","0.2","","25.8","","23.1","","15","","2","","93",""
"1980-01","1980","01","-16.5","","-25.8","","-21.2","","5.3","","-43.5","","0.0","T","22.5","","20.0","","38","","16","","70",""
"1980-02","1980","02","-3.3","","-13.0","","-8.2","","4.1","","-32.1","","0.0","T","8.4","","5.7","","38","","17","","67",""
"1980-03","1980","03","-1.1","","-11.3","","-6.2","","6.2","","-23.8","","0.0","","10.6","","6.9","","34","","19","","57",""
"1980-04","1980","04","7.8","","-1.4","","3.2","","11.9","","-9.1","","0.2","","3.6","","3.4","","0","","15","","65",""
"1980-05","1980","05","14.5","","-0.1","","7.2","","20.8","","-5.5","","3.7","","0.0","T","3.7","","0","","24","","67",""
"1980-06","1980","06","21.1","","6.0","","13.6","","30.0","","-0.1","","15.7","","0.0","","15.7","","0","","27","","67",""
"1980-07","1980","07","20.0","","8.0","","14.0","","26.0","","2.8","","33.3","","0.0","","33.3","","0","","16","","56",""
"1980-08","1980","08","17.6","","5.3","","11.5","","27.7","","-1.7","","34.4","","0.0","","34.4","","0","","17","","56",""
"1980-09","1980","09","10.3","","1.5","","5.9","","19.2","","-3.1","","52.3","","9.6","","61.9","","0","","15","","56",""
"1980-10","1980","10","7.5","","-0.6","","3.5","","13.3","","-10.5","","17.3","","11.4","","27.7","","2","","17","","70",""
"1980-11","1980","11","-0.3","","-6.2","","-3.3","","6.3","","-21.7","","0.6","","37.7","","28.8","","24","","17","","85",""
"1980-12","1980","12","-23.4","","-31.8","","-27.6","","1.2","","-45.0","","0.0","","53.6","","39.6","","68","","16","","70",""
"1981-01","1981","01","-0.6","","-7.5","","-4.1","","5.9","","-25.5","","6.2","","11.5","","14.9","","34","","20","S","70","B"
"1981-02","1981","02","-6.6","","-16.1","","-11.4","","3.4","","-33.7","","0.0","","27.8","","17.1","","44","","16","","69","E"
"1981-03","1981","03","2.7","","-7.0","","-2.2","","6.8","","-22.0","","0.0","T","2.0","","1.6","","34","","16","","69",""
"1981-04","1981","04","3.1","","-7.3","","-2.1","","11.7","","-20.4","","1.2","","7.9","","8.5","","0","T","33","","61",""
"1981-05","1981","05","15.9","","1.8","","8.9","","24.2","","-3.5","","4.8","","0.0","","4.8","","0","","14","","52",""
"1981-06","1981","06","17.0","","4.2","","10.6","","21.3","","-2.7","","37.7","","0.0","","37.7","","0","","19","","67",""
"1981-07","1981","07","21.1","","7.7","","14.4","","27.0","","3.4","","26.6","","0.0","","26.6","","0","","19","","63",""
"1981-08","1981","08","18.6","","7.1","","12.9","","25.3","","-1.5","","26.1","","0.2","","26.3","","0","","20","S","63","S"
"1981-09","1981","09","11.3","","1.7","","6.5","","16.4","","-4.3","","33.5","","5.3","","37.6","","0","","15","","69",""
"1981-10","1981","10","5.0","","-1.6","","1.7","","13.9","","-10.2","","12.2","","20.0","","28.8","","4","","15","","65",""
"1981-11","1981","11","-1.5","","-8.1","","-4.8","","6.5","","-18.5","","3.0","","35.3","","21.2","","10","","16","","69",""
"1981-12","1981","12","-12.2","","-20.4","","-16.3","","2.8","","-42.9","","4.2","","12.2","","13.2","","13","","18","","61",""
"1982-01","1982","01","-26.8","","-35.6","","-31.2","","-15.6","","-44.0","","0.0","T","15.4","","10.4","","22","","19","","50",""
"1982-02","1982","02","-13.3","","-22.9","","-18.1","","0.2","","-39.7","","0.0","T","40.4","","24.4","","33","","16","","72",""
"1982-03","1982","03","-3.4","","-15.4","","-9.4","","5.8","","-37.7","","0.0","","28.0","","17.4","","38","","22","S","63","S"
"1982-04","1982","04","3.2","","-7.6","","-2.2","","11.6","","-26.2","","0.0","T","11.0","","6.4","","2","","16","","69","S"
"1982-05","1982","05","11.0","","-0.3","","5.4","","20.5","","-5.9","","7.3","","0.0","T","7.3","","0","","18","","54",""
"1982-06","1982","06","20.5","","5.1","","12.8","","29.6","","0.1","","6.0","","0.0","","6.0","","0","","16","","56",""
"1982-07","1982","07","22.4","","7.6","","15.0","","30.5","","1.8","","24.6","","0.0","","24.6","","0","","13","","91",""
"1982-08","1982","08","17.5","","5.5","","11.5","","25.8","","0.2","","49.3","","0.0","","49.3","","0","","22","","43",""
"1982-09","1982","09","14.1","","3.1","","8.6","","24.0","","-4.8","","35.4","","0.0","T","35.4","","0","","24","","63",""
"1982-10","1982","10","2.3","","-6.3","","-2.0","","12.7","","-31.1","","5.8","","46.4","","42.4","","21","","18","","67","S"
"1982-11","1982","11","-7.3","","-15.2","","-11.3","","3.2","","-35.2","","0.0","T","10.2","","6.6","","19","","18","","67",""
"1982-12","1982","12","-8.1","","-16.5","","-12.3","","7.4","","-32.8","","0.0","","15.8","","9.4","","21","","15","","74",""
"1983-01","1983","01","-15.0","","-23.8","","-19.4","","0.1","","-45.0","","0.0","","28.4","","17.4","","35","","18","","56",""
"1983-02","1983","02","-7.1","","-16.3","","-11.7","","4.8","","-37.4","","0.0","","9.8","","3.2","","33","","17","S","61","S"
"1983-03","1983","03","-0.6","","-14.4","","-7.5","","6.3","","-30.0","","0.0","","11.6","","5.4","","33","","17","","48",""
"1983-04","1983","04","8.2","","-3.6","","2.3","","20.0","","-13.9","","4.4","","2.0","","4.8","","0","","15","","74",""
"1983-05","1983","05","14.4","","1.6","","8.0","","34.1","","-3.2","","6.6","","0.0","T","6.6","","0","","24","","63",""
"1983-06","1983","06","19.7","","6.2","","13.0","","29.6","","-0.5","","37.3","","0.0","","37.3","","0","","16","","80",""
"1983-07","1983","07","19.9","","7.4","","13.7","","24.8","","1.7","","55.0","","0.0","","55.0","","0","","16","","74",""
"1983-08","1983","08","16.9","","6.2","","11.6","","22.4","","0.6","","27.3","","0.0","","27.3","","0","","16","","56",""
"1983-09","1983","09","9.5","","-0.3","","4.6","","18.6","","-19.4","","47.6","","4.8","","50.4","","0","T","21","S","61","S"
"1983-10","1983","10","4.0","","-3.2","","0.4","","12.0","S","-21.2","","6.6","","19.2","","19.6","","2","","20","","78",""
"1983-11","1983","11","-6.1","","-12.4","","-9.3","","0.9","","-21.8","","0.0","T","5.0","","2.0","","5","","15","","63",""
"1983-12","1983","12","-20.1","","-27.7","","-23.9","","-5.3","","-38.1","","0.0","","9.2","","3.0","","9","","18","","59",""
"1984-01","1984","01","-7.8","","-17.8","","-12.8","","4.1","","-42.6","","0.0","T","32.4","","16.8","","20","","17","","87",""
"1984-02","1984","02","-1.6","","-11.0","","-6.3","","5.0","","-20.2","","0.8","","15.7","","11.0","","24","","23","","83",""
"1984-03","1984","03","4.2","","-4.0","","0.1","","8.8","","-14.2","","0.0","T","8.6","","7.0","","8","","16","","67",""
"1984-04","1984","04","8.2","","-3.1","","2.6","","15.5","","-8.1","","0.0","T","1.4","","1.4","","0","","22","","57",""
"1984-05","1984","05","13.4","","0.2","","6.8","","17.5","","-5.8","","28.0","","0.0","T","28.0","","0","","16","","56",""
"1984-06","1984","06","17.5","","5.0","","11.3","","21.8","","-1.3","","14.5","","0.0","T","14.5","","0","","20","S","57","S"
"1984-07","1984","07","19.6","","5.4","","12.5","","24.0","","-0.5","","19.9","","0.0","","19.9","","0","","20","","57",""
"1984-08","1984","08","18.0","","5.6","","11.8","","30.2","","-1.8","","60.9","","4.6","","65.9","","0","","16","","80",""
"1984-09","1984","09","12.1","","0.6","","6.4","","14.7","","-5.9","","20.8","","0.0","","20.8","","0","","17","","52",""
"1984-10","1984","10","2.0","","-5.8","","-1.9","","12.4","","-29.9","","8.8","","18.8","","25.0","","4","","15","","74",""
"1984-11","1984","11","-7.3","","-13.6","","-10.5","","1.5","","-29.4","","0.0","","19.8","","10.5","","8","","16","","67",""
"1984-12","1984","12","-13.5","","-22.8","","-18.2","","0.3","","-44.4","","0.0","","43.0","","32.0","","33","","17","","69",""
"1985-01","1985","01","-0.8","","-8.5","","-4.7","","5.0","","-20.4","","0.0","T","43.2","","32.2","","31","","19","","80",""
"1985-02","1985","02","-13.0","","-23.4","","-18.2","","4.2","","-41.5","","0.0","","33.4","","18.3","","45","","22","","80",""
"1985-03","1985","03","-0.4","","-11.6","","-6.0","","5.0","","-26.7","","0.0","","12.2","","6.8","","36","","20","","78",""
"1985-04","1985","04","3.7","","-5.5","","-0.9","","7.3","","-14.0","","0.0","","15.6","","9.6","","5","","23","","80",""
"1985-05","1985","05","12.2","","0.2","","6.2","","20.0","","-4.4","","7.3","","2.8","","10.1","","0","","23","","69",""
"1985-06","1985","06","15.8","","3.5","","9.7","","27.1","","-1.6","","64.5","","0.0","T","64.5","","0","","19","","59",""
"1985-07","1985","07","20.3","","7.5","","13.9","","25.6","","3.0","","22.0","","0.0","","22.0","","0","","23","","56",""
"1985-08","1985","08","17.3","","5.0","","11.2","","24.4","","-0.7","","26.2","","0.0","","26.2","","0","","22","","57",""
"1985-09","1985","09","12.1","","1.7","","6.9","","19.2","","-4.7","","25.5","","1.6","","27.5","","0","","21","","94",""
"1985-10","1985","10","1.3","","-6.7","","-2.7","","9.5","","-17.0","","0.4","","32.0","","23.4","","12","","18","","54",""
"1985-11","1985","11","-13.7","","-22.6","","-18.2","","-0.2","","-37.1","","0.0","","24.0","","13.6","","15","","17","","56",""
"1985-12","1985","12","-2.8","","-10.5","","-6.7","","7.2","","-37.6","","0.2","","11.2","","8.6","","16","","20","","93",""
"1986-01","1986","01","-4.7","","-10.8","","-7.8","","3.0","","-20.8","","0.0","T","24.8","","15.4","","24","","15","S","65","S"
"1986-02","1986","02","-6.8","","-18.7","","-12.8","","5.1","","-33.1","","0.0","T","5.4","","4.6","","19","","15","","81",""
"1986-03","1986","03","-1.9","","-12.7","","-7.3","","5.8","","-26.6","","0.2","","62.2","","43.9","","38","","16","","59",""
"1986-04","1986","04","1.9","","-10.8","","-4.5","","8.9","","-29.4","","1.1","","16.6","","11.9","","11","","18","","59",""
"1986-05","1986","05","10.9","","-0.1","","5.4","","15.8","","-4.7","","8.6","","7.8","","16.4","","0","","19","","56",""
"1986-06","1986","06","18.6","","4.1","","11.4","","25.2","","-1.6","","9.0","","0.0","","9.0","","0","","14","","67",""
"1986-07","1986","07","20.6","","7.9","","14.3","","28.5","","4.2","","66.9","","0.0","","66.9","","0","","6","S","59","S"
"1986-08","1986","08","16.1","","6.1","","11.1","","22.7","","-1.9","","54.0","","0.0","T","54.0","","0","","29","","63",""
"1986-09","1986","09","12.4","","0.7","","6.6","","21.4","","-4.2","","32.3","","29.8","","64.1","","0","","17","","61",""
"1986-10","1986","10","5.7","","-0.7","","2.5","","14.5","","-18.0","","28.9","","1.0","","29.9","","0","T","15","","78",""
"1986-11","1986","11","-7.3","","-15.6","","-11.5","","8.5","","-34.0","","0.0","","32.6","","26.8","","15","","15","","74",""
"1986-12","1986","12","-1.7","","-8.4","","-5.1","","9.5","","-22.0","","0.0","","9.8","","7.8","","19","","15","","74",""
"1987-01","1987","01","-5.2","","-12.8","","-9.0","","3.2","","-33.9","","0.0","T","7.2","","3.0","","18","","15","","70",""
"1987-02","1987","02","-3.4","","-10.2","","-6.8","","4.2","","-21.5","","0.0","T","25.8","","15.0","","23","","19","","74",""
"1987-03","1987","03","-3.1","","-16.9","","-10.0","","6.4","","-38.0","","0.0","","5.6","","2.8","","14","","22","","91",""
"1987-04","1987","04","6.1","","-3.4","","1.4","","12.9","","-12.0","","0.2","","6.0","","6.4","","0","","16","","59",""
"1987-05","1987","05","12.1","","0.8","","6.5","","18.0","","-4.6","","25.2","","0.0","T","25.2","","0","","14","","56",""
"1987-06","1987","06","16.4","","4.6","","10.5","","26.6","","-1.3","","25.4","","1.0","","26.4","","0","","15","","63",""
"1987-07","1987","07","21.3","","8.7","","15.0","","27.4","","3.8","","29.8","","0.0","T","29.8","","0","","13","","52",""
"1987-08","1987","08","18.0","","5.4","","11.7","","24.0","","0.0","","37.8","","2.6","","40.4","","1","","35","","56",""
"1987-09","1987","09","12.4","","3.6","","8.0","","18.5","","-3.9","","23.3","","6.9","","30.2","","0","","16","","65",""
"1987-10","1987","10","6.5","","-1.0","","2.8","","14.9","","-11.8","","1.4","","8.5","","7.2","","3","","16","","78",""
"1987-11","1987","11","-0.1","","-6.5","","-3.3","","5.0","","-19.2","","0.0","T","22.2","","17.1","","14","","16","","80",""
"1987-12","1987","12","-5.2","","-14.2","","-9.7","","3.7","","-30.5","","0.0","T","16.4","","7.1","","18","","17","","63",""
"1988-01","1988","01","-14.2","","-22.8","","-18.5","","0.0","","-37.0","S","0.0","","13.0","","9.8","","25","","16","","67",""
"1988-02","1988","02","-5.0","","-14.8","","-9.9","","5.5","","-36.6","","0.0","T","17.2","","12.4","","31","","22","","89",""
"1988-03","1988","03","2.2","","-8.1","","-3.0","","7.0","","-16.6","","0.0","T","10.8","","8.6","","31","","15","","63",""
"1988-04","1988","04","7.2","","-3.3","","2.0","","14.3","","-13.3","","3.3","","0.2","","3.5","","0","","15","","69",""
"1988-05","1988","05","13.3","","0.9","","7.1","","19.1","","-6.7","","23.8","","3.6","","27.4","","0","","15","S","50","S"
"1988-06","1988","06","18.1","","5.4","","11.8","","23.9","","-2.2","","31.1","","0.0","T","31.1","","0","","14","","52",""
"1988-07","1988","07","17.7","","7.4","","12.6","","25.1","","2.0","","109.6","","0.0","","109.6","","0","","16","","56",""
"1988-08","1988","08","17.2","","7.1","","12.2","","23.6","","1.9","","53.0","","0.0","","53.0","","0","","16","","74",""
"1988-09","1988","09","11.5","","0.4","","6.0","","20.9","","-5.8","S","26.6","","0.0","T","26.6","","0","","23","","78",""
"1988-10","1988","10","4.6","","-3.0","","0.8","","16.0","","-15.1","","1.4","","19.0","","12.7","","4","","22","","80",""
"1988-11","1988","11","-4.8","","-10.9","","-7.9","","2.8","","-25.0","","4.3","","37.3","","31.3","","10","","15","","81",""
"1988-12","1988","12","-6.6","","-14.6","","-10.6","","2.6","S","-28.1","","0.0","T","12.9","","10.1","","9","","16","","74",""
"1989-01","1989","01","-16.2","","-27.2","","-21.7","","0.7","","-42.9","","0.0","","32.4","","21.0","","22","","25","","89",""
"1989-02","1989","02","-11.4","","-23.8","","-17.6","","1.2","","-40.4","","0.0","T","3.4","","0.9","","22","","17","","57",""
"1989-03","1989","03","-5.1","","-18.7","","-11.9","","4.8","","-36.6","","0.0","","21.9","","17.0","","30","","19","","59",""
"1989-04","1989","04","9.6","","-3.2","","3.2","","19.3","","-16.5","","1.8","","2.2","","3.6","","0","","20","","57",""
"1989-05","1989","05","15.4","","2.8","","9.1","","22.3","","-1.9","","7.1","","0.8","","7.9","","0","","23","","72",""
"1989-06","1989","06","19.0","","6.1","","12.6","","25.2","","0.4","","24.1","","0.0","","24.1","","0","","18","","65",""
"1989-07","1989","07","23.0","","9.0","","16.0","","30.1","","2.9","","36.2","","0.0","","36.2","","0","","35","","67",""
"1989-08","1989","08","22.4","","7.7","","15.1","","30.6","","-0.6","","15.9","","0.0","","15.9","","0","","15","S","44","S"
"1989-09","1989","09","13.9","","3.2","","8.6","","24.5","","-5.6","","39.4","","0.0","","39.4","","0","","16","","63",""
"1989-10","1989","10","3.2","","-3.8","","-0.3","","13.4","","-16.9","","18.2","","30.4","","40.1","","3","","16","","72",""
"1989-11","1989","11","-7.9","","-16.4","","-12.2","","6.8","","-38.9","","1.6","","26.8","","22.9","","13","","16","","70",""
"1989-12","1989","12","-2.4","","-11.2","","-6.8","","8.2","","-33.7","","0.0","T","41.2","","28.1","","25","","17","","72",""
"1990-01","1990","01","-13.2","","-22.6","","-17.9","","0.6","","-43.7","","0.0","","19.3","","10.5","","35","","18","","63",""
"1990-02","1990","02","-15.6","","-25.8","","-20.7","","4.0","","-42.2","","0.0","T","27.3","","18.5","","44","","17","","80",""
"1990-03","1990","03","2.1","","-9.2","","-3.6","","6.6","S","-25.1","","0.0","T","7.8","","5.2","","30","","25","","69",""
"1990-04","1990","04","8.7","","-3.3","","2.7","","15.2","","-10.3","","2.2","","0.4","","2.4","","0","","35","","56",""
"1990-05","1990","05","14.9","","1.7","","8.3","","19.7","","-4.6","","28.9","","5.2","","34.1","","0","","17","","57",""
"1990-06","1990","06","17.9","","5.6","","11.8","","24.0","","0.9","","46.7","","0.0","","46.7","","0","","28","","59",""
"1990-07","1990","07","21.9","","8.0","","15.0","","29.8","","2.7","","15.7","","0.0","","15.7","","0","","15","","56",""
"1990-08","1990","08","20.5","","7.4","","14.0","","29.8","","-2.6","","10.2","","0.0","","10.2","","0","","16","","61",""
"1990-09","1990","09","14.3","","3.5","","8.9","","20.3","","-5.7","","23.5","","0.0","","23.5","","0","","17","","83",""
"1990-10","1990","10","2.3","","-5.4","","-1.6","","10.3","","-17.3","","2.4","","27.6","","18.4","","2","","16","","65",""
"1990-11","1990","11","-14.6","","-23.6","","-19.1","","-0.3","","-38.9","","0.0","","35.7","","21.4","","18","","18","S","67","S"
"1990-12","1990","12","-12.7","","-22.5","","-17.6","","1.2","","-41.8","","0.0","","48.8","","32.6","","36","","36","","70",""
"1991-01","1991","01","-14.1","","-23.4","","-18.8","","4.6","","-44.9","","0.0","T","27.0","","18.0","","35","","16","","65",""
"1991-02","1991","02","-2.5","","-12.4","","-7.4","","5.4","","-28.9","","0.2","","20.3","","14.1","","29","","19","","67",""
"1991-03","1991","03","-0.7","","-13.7","","-7.2","","6.1","","-29.5","","0.0","","20.6","","10.3","","30","","20","","67",""
"1991-04","1991","04","8.4","","-3.2","","2.6","","15.9","","-13.0","","0.0","T","2.6","","2.0","","0","","14","S","46","S"
"1991-05","1991","05","14.9","","1.7","","8.3","","20.6","","-5.1","","10.6","","0.0","","10.6","","0","","16","S","52","S"
"1991-06","1991","06","19.9","","5.5","","12.7","","27.9","","-0.4","","36.2","","0.0","","36.2","","0","","21","","57",""
"1991-07","1991","07","18.7","","8.0","","13.3","","23.4","","3.7","","57.1","","0.0","","57.1","","0","","35","","61",""
"1991-08","1991","08","16.5","","6.9","","11.7","","26.8","","-0.4","","70.0","","0.0","T","70.0","","0","","16","","67",""
"1991-09","1991","09","12.3","","4.4","","8.4","","18.0","","-2.9","","37.4","","0.0","T","37.4","","0","","22","","70",""
"1991-10","1991","10","1.8","","-6.0","","-2.1","","11.5","","-21.1","","19.9","","22.3","","38.5","","10","","19","","67",""
"1991-11","1991","11","-5.8","","-12.5","","-9.2","","2.7","","-23.3","","0.0","T","55.3","","38.1","","20","","16","","72",""
"1991-12","1991","12","-7.2","","-15.1","","-11.2","","3.1","","-32.8","","0.0","","65.5","","39.0","","24","","16","","61",""
"1992-01","1992","01","-4.5","","-11.8","","-8.2","","3.3","","-24.4","","0.0","","30.9","","22.8","","26","","17","","52",""
"1992-02","1992","02","-7.5","","-15.7","","-11.6","","11.5","","-32.4","","0.0","T","20.2","","12.5","","0","T","18","","85",""
"1992-03","1992","03","1.3","","-7.9","","-3.3","","6.9","","-26.0","","0.0","","5.8","","4.6","","0","T","16","","61",""
"1992-04","1992","04","4.9","","-4.6","","0.1","","11.9","","-19.6","","3.6","","18.0","","16.6","","0","","28","","52",""
"1992-05","1992","05","10.8","","0.8","","5.8","","18.0","","-5.2","","10.1","","8.6","","17.9","","0","","14","","59",""
"1992-06","1992","06","19.8","","4.7","","12.3","","30.4","","-0.5","","8.8","","0.0","","8.8","","0","","15","","39",""
"1992-07","1992","07","19.9","","8.5","","14.2","","29.2","","3.5","","31.2","","0.0","","31.2","","0","","1","","46",""
"1992-08","1992","08","18.0","","6.5","","12.3","","23.7","","-1.1","","22.1","","0.0","","22.1","","0","","18","","61",""
"1992-09","1992","09","6.2","","-0.9","","2.6","","14.6","","-7.8","","30.5","","41.7","","67.0","","3","","24","","52",""
"1992-10","1992","10","1.6","","-5.2","","-1.8","","10.5","","-19.6","","1.1","","24.8","","16.5","","0","T","22","","69",""
"1992-11","1992","11","-1.4","","-7.7","","-4.6","","4.5","","-21.8","","0.2","","36.1","","27.6","","12","","16","","69",""
"1992-12","1992","12","-14.3","","-23.0","","-18.7","","3.7","","-45.1","","0.0","T","32.1","","16.1","","16","","16","I","243","I"
"1993-01","1993","01","-12.7","","-22.7","","-17.7","","3.7","","-40.2","","0.0","T","30.5","","20.3","","16","","18","I","82","I"
"1993-02","1993","02","-5.9","","-18.0","","-11.9","","7.0","","-37.6","","0.0","T","14.2","","9.5","","10","","17","","80",""
"1993-03","1993","03","0.6","","-10.3","","-4.9","","7.3","","-26.6","","0.0","","3.1","","2.2","","0","T","35","","52",""
"1993-04","1993","04","9.5","","-2.5","","3.5","","14.0","","-10.0","","0.6","","1.2","","1.2","","0","","13","S","39","S"
"1993-05","1993","05","16.5","","2.5","","9.5","","26.6","","-4.1","S","7.0","","0.2","","7.2","","0","","2","","65",""
"1993-06","1993","06","19.2","","6.1","","12.7","","25.0","","-1.0","","50.5","","0.0","","50.5","","0","","17","I","43","I"
"1993-07","1993","07","20.3","","8.3","","14.4","","26.6","","3.9","","56.7","","0.0","T","56.7","","0","","30","","48",""
"1993-08","1993","08","18.7","","6.6","","12.7","","26.1","","0.7","","32.0","","0.0","","32.0","","0","","15","I","48","I"
"1993-09","1993","09","14.2","","2.2","","8.2","","24.8","","-6.0","","25.3","","2.5","","27.8","","0","","21","S","63","S"
"1993-10","1993","10","5.8","","-0.9","","2.4","","18.6","","-7.7","","10.2","","18.6","","28.8","","2","","17","","230",""
"1993-11","1993","11","-1.9","","-11.0","","-6.5","","7.0","","-33.6","","0.4","","21.5","","12.4","","4","","18","I","67","I"
"1993-12","1993","12","-3.9","","-12.3","","-8.1","","4.7","","-28.1","","0.0","T","24.6","","17.5","","13","","16","I","63","I"
"1994-01","1994","01","-14.0","","-20.0","","-17.0","","2.7","","-39.0","","0.0","","51.7","","35.5","","18","","15","","65",""
"1994-02","1994","02","-17.2","","-27.1","","-22.2","","-3.5","","-40.5","","0.0","","22.8","","16.5","","31","","17","","46",""
"1994-03","1994","03","1.5","","-7.7","","-3.1","","10.5","","-26.8","","0.0","","24.0","","13.9","","3","","22","","67",""
"1994-04","1994","04","9.5","","-2.3","","3.6","","14.4","","-12.0","","3.0","","3.0","","5.5","","0","","21","","50",""
"1994-05","1994","05","13.8","","1.4","","7.6","","19.7","","-3.8","","2.3","","0.4","","2.7","","0","","21","","50",""
"1994-06","1994","06","19.2","","5.6","","12.5","","26.3","","1.1","","44.5","","0.0","","44.5","","0","","22","","57",""
"1994-07","1994","07","22.4","","8.5","","15.5","","29.2","S","2.6","","29.4","","0.0","","29.4","","0","","17","","50",""
"1994-08","1994","08","24.1","","9.4","","16.8","","31.1","","3.0","","11.7","","0.0","","11.7","","0","","16","I","61","I"
"1994-09","1994","09","11.2","","2.1","","6.7","","16.3","","-6.8","","44.4","","0.0","T","44.4","","0","","23","S","65","S"
"1994-10","1994","10","5.2","","-1.9","","1.6","","12.1","","-11.6","","19.2","","10.8","","27.5","","8","","20","","63",""
"1994-11","1994","11","-8.4","","-17.9","","-13.2","","3.2","S","-26.7","","0.0","","51.2","","33.1","","17","","17","","65",""
"1994-12","1994","12","-10.6","","-19.8","","-15.2","","1.1","","-36.3","","0.0","","12.5","","6.9","","12","","16","","67",""
"1995-01","1995","01","-11.4","","-18.4","","-14.9","","2.0","","-33.8","","0.0","","14.5","","9.1","","15","","16","","61",""
"1995-02","1995","02","-7.0","","-16.9","","-12.0","","6.9","","-34.7","","0.0","","26.9","","15.0","","21","","16","","57",""
"1995-03","1995","03","-4.2","","-16.6","","-10.4","","9.2","","-34.0","","0.0","T","30.6","","22.3","","8","","16","","61",""
"1995-04","1995","04","9.3","","-2.7","","3.3","","19.6","","-10.2","","1.6","","0.0","T","1.6","","0","","16","S","44","S"
"1995-05","1995","05","","","","","","","","","","","","","","","","","","",,"",,""
"1995-06","1995","06","20.9","","6.2","","13.6","","30.2","","-1.9","","18.4","","0.0","T","18.4","","0","","20","","54",""
"1995-07","1995","07","20.6","","9.3","","15.0","","25.4","","3.7","","54.1","","0.0","","54.1","","0","","33","S","37","S"
"1995-08","1995","08","17.6","","5.5","","11.6","","22.9","","-1.4","","26.2","","0.0","T","26.2","","0","","15","","50",""
"1995-09","1995","09","16.2","","4.6","","10.5","","22.2","","-1.9","","20.3","","0.0","","20.3","","0","","17","","52",""
"1995-10","1995","10","4.5","","-2.4","","1.1","","10.2","","-13.6","","11.2","","2.2","","13.1","","0","","17","","56",""
"1995-11","1995","11","-8.6","","-15.0","","-11.8","","3.5","","-29.7","","0.0","T","32.0","","22.0","","18","","15","","54",""
"1995-12","1995","12","-12.9","","-18.7","","-15.8","","2.8","","-42.6","","0.0","T","24.3","","17.5","","21","","17","","52",""
"1996-01","1996","01","-12.7","I","-18.3","I","-15.6","I","-6.5","I","-25.5","I","0.0","I","14.7","I","10.7","I","","M",,"",,""
"1996-02","1996","02","","","","","","","","","","","","","","","","","","",,"",,""
"1996-03","1996","03","","","","","","","","","","","","","","","","","","",,"",,""
"1996-04","1996","04","","","","","","","","","","","","","","","","","","",,"",,""
"1996-05","1996","05","","","","","","","","","","","","","","","","","","",,"",,""
"1996-06","1996","06","","","","","","","","","","","","","","","","","","",,"",,""
"1996-07","1996","07","","","","","","","","","","","","","","","","","","",,"",,""
"1996-08","1996","08","","","","","","","","","","","","","","","","","","",,"",,""
"1996-09","1996","09","","","","","","","","","","","","","","","","","","",,"",,""
"1996-10","1996","10","","","","","","","","","","","","","","","","","","",,"",,""
"1996-11","1996","11","","","","","","","","","","","","","","","","","","",,"",,""
"1996-12","1996","12","","","","","","","","","","","","","","","","","","",,"",,""
"1997-01","1997","01","","","","","","","","","","","","","","","","","","",,"",,""
"1997-02","1997","02","","","","","","","","","","","","","","","","","","",,"",,""
"1997-03","1997","03","","","","","","","","","","","","","","","","","","",,"",,""
"1997-04","1997","04","","","","","","","","","","","","","","","","","","",,"",,""
"1997-05","1997","05","","","","","","","","","","","","","","","","","","",,"",,""
"1997-06","1997","06","","","","","","","","","","","","","","","","","","",,"",,""
"1997-07","1997","07","","","","","","","","","","","","","","","","","","",,"",,""
"1997-08","1997","08","","","","","","","","","","","","","","","","","","",,"",,""
"1997-09","1997","09","","","","","","","","","","","","","","","","","","",,"",,""
"1997-10","1997","10","","","","","","","","","","","","","","","","","","",,"",,""
"1997-11","1997","11","-2.0","E","-7.7","E","-4.9","E","6.0","","-16.0","","0.0","T","13.0","","10.1","E","11","",,"",,""
"1997-12","1997","12","","","","","","","","","","","","","","","","","","",,"",,""
"1998-01","1998","01","","","","","","","","","","","","","","","","","","",,"",,""
"1998-02","1998","02","","","","","","","","","","","","","","","","","","",,"",,""
"1998-03","1998","03","","","","","","","","","","","","","","","","","","",,"",,""
"1998-04","1998","04","","","","","","","","","","","","","","","","","","",,"",,""
"1998-05","1998","05","16.0","","2.5","","9.3","","28.8","","-5.0","","13.6","","0.0","T","13.6","","0","","24","E","63","E"
"1998-06","1998","06","21.4","","6.8","","14.1","","30.0","","0.8","","18.2","","0.0","","18.2","","0","","33","E","46","E"
"1998-07","1998","07","21.0","","8.5","","14.8","","31.9","","1.7","","16.4","","0.0","","16.4","","0","","23","S","37","S"
"1998-08","1998","08","18.3","","5.4","","11.9","","26.1","","-2.8","","9.9","","0.0","","9.9","","0","","19","","70",""
"1998-09","1998","09","12.4","","1.7","","7.1","","18.9","","-5.5","","18.3","","0.0","T","18.3","","0","","16","","50",""
"1998-10","1998","10","3.2","","-3.2","","0.0","","9.5","S","-17.0","","13.2","","10.0","","23.2","","2","",,"",,""
"1998-11","1998","11","-6.3","","-10.5","","-8.4","","1.5","","-21.0","","0.0","","19.1","","12.1","","6","","18","E","50","E"
"1998-12","1998","12","-12.3","","-19.5","","-15.9","","1.4","","-37.3","","0.0","","21.0","","14.4","","18","","18","E","74","E"
"1999-01","1999","01","-15.4","","-24.9","","-20.2","","1.3","","-42.1","","0.0","T","34.4","","23.6","","22","","18","","63",""
"1999-02","1999","02","-11.6","","-22.1","","-16.9","","-1.9","","-36.1","","0.0","","17.8","","16.8","","20","","18","B","46","B"
"1999-03","1999","03","-0.4","","-10.9","","-5.7","","7.8","","-31.0","","0.0","T","4.1","","3.7","","6","","16","S","59","S"
"1999-04","1999","04","5.7","","-3.7","","1.0","","14.4","","-11.7","","1.0","","15.0","","15.2","","0","","26","B","59","B"
"1999-05","1999","05","10.5","","0.1","","5.4","","16.3","","-5.5","","25.6","","14.0","","38.2","","0","","35","","46",""
"1999-06","1999","06","19.6","","6.2","","12.9","","28.4","","0.3","","16.2","","0.0","","16.2","","0","","16","E","65","E"
"1999-07","1999","07","21.3","","7.9","","14.6","","28.9","","-0.1","","29.9","","0.0","","29.9","","0","","1","E","74","E"
"1999-08","1999","08","19.7","","7.7","","13.7","","31.6","","-1.5","","23.1","","0.0","T","23.1","","0","","16","E","43","E"
"1999-09","1999","09","12.0","","3.2","","7.6","","17.8","","-7.1","","7.2","","2.8","","8.8","","0","T","17","E","65","E"
"1999-10","1999","10","5.7","","-2.0","","1.9","","12.1","","-14.5","","1.4","","38.6","","33.8","","14","","18","E","95","E"
"1999-11","1999","11","-5.3","","-11.5","","-8.4","","2.9","","-30.3","S","0.0","T","26.9","","23.5","","20","","17","E","85","E"
"1999-12","1999","12","-5.3","","-13.1","","-9.2","","9.1","","-30.6","","0.6","","25.4","","17.6","","9","","17","","72",""
"2000-01","2000","01","-13.3","","-20.6","","-16.9","","1.4","","-40.9","","0.0","","12.6","","11.3","","16","","16","E","69","E"
"2000-02","2000","02","-2.9","","-11.7","","-7.4","","4.7","","-20.8","S","0.0","","0.0","T","0.0","T","6","","20","","59",""
"2000-03","2000","03","1.4","","-7.9","","-3.3","","5.8","S","-22.6","","0.0","","4.4","","3.4","","0","","19","E","52","E"
"2000-04","2000","04","5.8","","-4.2","","0.8","","11.2","","-9.8","","0.4","","11.7","","8.9","","0","","14","E","65","E"
"2000-05","2000","05","11.3","","0.0","","5.7","","17.1","","-4.1","","31.6","","0.6","","32.2","","0","","19","E","46","E"
"2000-06","2000","06","18.7","","5.8","","12.3","","25.5","","0.0","","40.0","","0.0","","40.0","","0","","18","E","41","E"
"2000-07","2000","07","19.2","","7.6","","13.4","","26.7","","2.6","","40.2","","0.0","","40.2","","0","","16","E","41","E"
"2000-08","2000","08","15.7","","6.2","","11.0","","27.9","","-1.8","","82.1","","0.0","","82.1","","0","","36","","46",""
"2000-09","2000","09","10.7","","1.7","","6.2","","20.1","","-6.1","","36.6","","2.6","","39.2","","2","","16","E","56","E"
"2000-10","2000","10","4.1","","-2.8","","0.7","","11.7","","-17.9","","5.2","","14.0","","16.2","","9","","16","E","70","E"
"2000-11","2000","11","-1.8","","-8.4","","-5.1","","5.1","","-20.6","","0.8","","19.4","","18.2","","12","","16","E","52","E"
"2000-12","2000","12","-9.4","","-17.4","","-13.4","","3.4","","-33.9","","0.0","T","14.1","","12.1","","20","","18","E","61","E"
"2001-01","2001","01","-1.6","","-9.1","","-5.4","","4.3","","-24.1","","0.0","T","16.6","","12.9","","27","","17","B","70","B"
"2001-02","2001","02","-7.4","","-18.2","","-12.9","","4.2","","-28.0","","0.0","","19.7","","14.0","","17","","17","E","65","E"
"2001-03","2001","03","-1.2","","-12.1","","-6.7","","7.2","","-32.3","","0.0","","0.4","","0.4","","6","","21","E","85","E"
"2001-04","2001","04","6.4","","-4.1","","1.2","","10.9","","-15.8","","2.2","","2.4","","4.6","","0","","20","E","65","E"
"2001-05","2001","05","11.2","","-0.4","","5.4","","15.2","","-5.8","","16.3","","0.0","T","16.3","","0","","22","E","74","E"
"2001-06","2001","06","18.6","","6.2","","12.4","","24.5","","0.3","","59.7","","0.0","","59.7","","0","","36","E","50","E"
"2001-07","2001","07","18.9","","8.3","","13.6","","30.1","","3.7","","31.8","","0.0","","31.8","","0","","13","E","44","E"
"2001-08","2001","08","19.4","","7.6","","13.5","","26.8","","1.4","","48.2","","0.0","","48.2","","0","","15","E","52","E"
"2001-09","2001","09","12.5","","2.8","","7.7","","18.6","","-3.5","","18.6","","0.0","","18.6","","0","","14","E","65","E"
"2001-10","2001","10","3.0","","-4.0","","-0.5","","13.9","","-13.8","","3.0","","32.1","","29.1","","15","","16","S","50","S"
"2001-11","2001","11","-6.1","","-12.4","","-9.3","","2.9","","-32.6","","0.0","T","15.8","","10.8","","21","","17","E","56","E"
"2001-12","2001","12","-13.3","","-21.3","","-17.3","","2.5","","-36.6","","0.0","T","21.0","","18.9","","30","","16","E","59","E"
"2002-01","2002","01","-8.2","","-16.3","","-12.3","","2.3","","-36.6","S","0.0","","17.3","","11.5","","33","","17","B","56","B"
"2002-02","2002","02","-6.3","","-16.5","","-11.5","","3.0","","-30.1","","0.0","","10.5","","8.2","","30","","17","E","78","E"
"2002-03","2002","03","-4.8","","-18.6","","-11.7","","6.8","","-30.8","","0.0","","6.0","","6.0","","20","","17","","56",""
"2002-04","2002","04","3.5","","-11.1","","-3.8","","21.8","","-26.9","","0.0","","2.0","","1.4","","0","","14","E","46","E"
"2002-05","2002","05","13.1","","-0.5","","6.3","","24.7","","-12.9","","8.1","","1.4","","9.8","","0","","21","E","74","E"
"2002-06","2002","06","19.1","","5.1","","12.1","","24.5","","-0.2","","12.8","","0.0","","12.8","","0","","35","B","52","B"
"2002-07","2002","07","20.3","","7.2","","13.8","","26.1","","2.7","","31.4","","0.0","","31.4","","0","","16","B","46","B"
"2002-08","2002","08","17.5","","6.6","","12.1","","25.2","","-0.3","S","42.8","","0.0","","42.8","","0","","25","E","61","E"
"2002-09","2002","09","13.0","","1.9","","7.5","","18.1","","-3.9","","27.4","","0.0","","27.4","","0","","15","E","52","E"
"2002-10","2002","10","7.1","","0.2","","3.7","","13.8","","-8.1","","1.8","","3.9","","5.9","","0","","16","E","57","E"
"2002-11","2002","11","1.1","","-4.0","","-1.4","","10.8","","-10.6","","1.6","","7.5","","8.1","","2","","17","E","67","E"
"2002-12","2002","12","-6.4","","-12.1","","-9.3","","2.2","","-23.8","","0.0","T","18.1","","9.4","","14","","18","E","74","E"
"2003-01","2003","01","-10.0","","-17.9","","-14.0","","4.6","","-39.3","","0.0","T","33.5","","23.3","","28","","17","E","52","E"
"2003-02","2003","02","-4.8","","-13.2","","-9.0","","4.5","","-30.4","","0.0","","8.9","","4.2","","21","","18","E","59","E"
"2003-03","2003","03","-3.1","","-14.6","","-8.8","","5.8","","-34.4","","0.0","","22.5","","18.0","","24","","34","B","48","B"
"2003-04","2003","04","8.0","","-6.3","","0.9","","21.3","","-24.8","","0.0","","0.0","T","0.0","T","0","","17","","39",""
"2003-05","2003","05","13.0","","-0.5","","6.3","","19.4","","-5.4","","2.0","","0.3","","2.3","","0","","18","B","56","B"
"2003-06","2003","06","17.9","","5.2","","11.6","","22.8","","-1.8","","24.6","","0.0","","24.6","","0","","22","B","48","B"
"2003-07","2003","07","22.0","","8.7","","15.4","","28.0","","2.9","","34.3","","0.0","","34.3","","0","","32","B","46","B"
"2003-08","2003","08","18.4","","5.9","","12.2","","27.8","","0.0","","18.8","","0.0","","18.8","","0","","17","E","61","E"
"2003-09","2003","09","10.5","","1.6","","6.0","","17.8","","-6.4","","28.0","","13.3","","40.9","","0","","16","E","56","E"
"2003-10","2003","10","7.6","","-1.7","","2.9","","19.3","","-14.2","","7.0","","2.8","","9.8","","0","","16","E","59","E"
"2003-11","2003","11","-7.0","","-15.3","","-11.2","","6.9","","-30.0","S","0.0","T","33.1","","27.1","","18","",,"",,""
"2003-12","2003","12","-7.6","","-15.2","","-11.4","","3.7","","-30.9","S","1.4","","24.7","","21.0","","16","",,"",,""
"2004-01","2004","01","-18.4","","-26.5","","-22.5","","3.2","","-45.6","","0.0","","21.6","","21.6","","31","",,"",,""
"2004-02","2004","02","-1.0","","-11.1","","-6.0","","5.2","","-29.9","","0.0","","3.4","","3.4","","10","",,"",,""
"2004-03","2004","03","-0.9","E","-11.7","E","-6.3","E","4.2","","-26.2","","0.3","","19.3","E","15.8","E","18","",,"",,""
"2004-04","2004","04","7.9","","-3.1","","2.4","","20.7","","-13.4","","0.0","T","5.0","","4.2","","0","",,"",,""
"2004-05","2004","05","15.6","","2.8","","9.2","","22.8","","-4.4","","19.1","","0.0","T","19.1","","0","",,"",,""
"2004-06","2004","06","24.2","","8.8","","16.5","","33.2","","-0.3","","30.4","","0.0","","30.4","","0","",,"",,""
"2004-07","2004","07","22.0","","9.4","","15.7","","27.6","","4.9","","24.5","","0.0","","24.5","","0","",,"",,""
"2004-08","2004","08","21.4","","8.0","","14.8","","28.1","","2.0","","30.2","","0.0","","30.2","","0","",,"",,""
"2004-09","2004","09","10.3","","1.1","","5.8","","19.3","","-6.0","","31.3","","0.4","E","31.5","","0","",,"",,""
"2004-10","2004","10","4.4","","-3.3","","0.6","","14.0","","-16.4","","23.2","","14.4","","33.9","","3","",,"",,""
"2004-11","2004","11","-1.9","","-10.0","","-6.0","","5.3","","-25.0","","4.0","","23.7","","24.7","","18","",,"",,""
"2004-12","2004","12","-6.3","","-15.7","","-11.0","","10.6","","-40.3","","2.0","","26.5","","24.4","","22","",,"",,""
"2005-01","2005","01","-15.5","E","-23.7","","-19.6","E","2.5","","-46.6","","0.0","T","55.9","","44.7","","45","",,"",,""
"2005-02","2005","02","","","","","","","","","","","","","","","","","","",,"",,""
"2005-03","2005","03","2.9","","-6.5","","-1.8","","10.5","","-21.3","","0.0","T","2.5","","2.3","","2","",,"",,""
"2005-04","2005","04","8.3","","-2.5","","2.9","","20.4","","-9.7","","1.4","","18.8","","19.3","","0","",,"",,""
"2005-05","2005","05","17.2","","2.2","","9.7","","22.0","","-7.7","","20.2","","0.0","","20.2","","0","",,"",,""
"2005-06","2005","06","19.6","","6.0","","12.9","","24.9","","0.6","S","82.2","","0.0","","82.2","","0","",,"",,""
"2005-07","2005","07","19.5","","7.9","","13.7","","24.0","","3.5","","41.4","I","0.0","","41.4","I","0","",,"",,""
"2005-08","2005","08","18.6","","7.7","","13.2","","29.3","","3.1","","39.8","","0.0","","39.8","","0","",,"",,""
"2005-09","2005","09","12.7","","3.3","","8.0","","17.3","","-4.7","","26.1","","0.0","","26.1","","0","",,"",,""
"2005-10","2005","10","4.4","","-3.0","","0.8","","11.4","","-11.7","","6.2","","6.3","","11.2","","0","T",,"",,""
"2005-11","2005","11","-4.8","","-10.0","E","-7.4","E","7.7","","-24.5","","8.2","","25.2","","28.6","","0","T",,"",,""
"2005-12","2005","12","-3.9","","-11.3","","-7.6","","6.8","","-27.7","","0.0","","9.8","","7.2","","3","",,"",,""
"2006-01","2006","01","-13.7","","-21.0","","-17.4","","-0.7","","-35.7","","0.0","","19.4","","11.0","","15","",,"",,""
"2006-02","2006","02","-5.7","","-16.9","","-11.3","","4.3","","-31.1","","0.0","T","10.5","","7.2","","","M",,"",,""
"2006-03","2006","03","-5.3","","-17.1","","-11.2","","7.9","","-37.3","","0.0","","26.9","","18.5","","13","",,"",,""
"2006-04","2006","04","5.5","","-4.2","","0.7","","9.9","","-13.7","","0.0","T","23.0","","21.4","","0","",,"",,""
"2006-05","2006","05","12.6","","1.0","","6.8","","19.6","","-3.9","","15.6","","0.6","","16.1","","0","",,"",,""
"2006-06","2006","06","19.1","","5.4","","12.3","","29.4","S","0.4","","38.0","","0.0","T","38.0","","0","",,"",,""
"2006-07","2006","07","20.8","","7.5","","14.2","","25.8","","1.4","","33.4","","0.0","","33.4","","0","",,"",,""
"2006-08","2006","08","16.6","","6.4","","11.5","","20.3","","1.1","","33.3","","0.0","","33.3","","0","",,"",,""
"2006-09","2006","09","12.9","","3.3","","8.1","","18.6","","-2.3","","35.6","","0.0","","35.6","","0","",,"",,""
"2006-10","2006","10","5.0","","-2.6","","1.2","","13.9","","-16.4","","2.4","","23.6","","21.0","","4","",,"",,""
"2006-11","2006","11","-18.1","","-23.3","","-20.7","","-7.0","","-41.0","","0.0","","45.4","","32.1","","28","",,"",,""
"2006-12","2006","12","-5.1","","-12.0","","-8.6","","0.9","","-24.6","S","0.4","","22.8","","17.2","","20","",,"",,""
"2007-01","2007","01","-7.0","","-15.8","","-11.4","","2.0","","-38.1","","0.0","","15.4","","11.0","","19","",,"",,""
"2007-02","2007","02","-14.4","","-20.9","","-17.7","","-7.5","S","-36.7","","0.0","","39.2","","24.8","","36","",,"",,""
